VIA,Tipo,Subtipo
0,Otro,
3,Fauna,
6,Hombre,
9,Geográfico,
12,Hombre,
15,Hombre,
17,Descriptivo,
24,Hombre,
25,Hombre,
26,Hombre,
33,Histórico,
36,Hombre,
39,Hombre,
42,Lugar/Ciudad,
45,Hombre,
48,Descriptivo,
49,Familia,
50,Mujer,Educación
51,Hombre,
54,Pais/Nación/Región,
57,Hombre,
61,Descriptivo,
62,Lugar/Ciudad,
63,Lugar/Ciudad,
64,Lugar/Ciudad,
65,Lugar/Ciudad,
66,Hombre,
67,Lugar/Ciudad,
69,Hombre,
70,Hombre,
72,Lugar/Ciudad,
77,Descriptivo,
78,Geográfico,
81,Hombre,
87,Hombre,
90,Hombre,
93,Geográfico,
94,Descriptivo,
95,Hombre,
99,Geográfico,
102,Geográfico,
105,Hombre,
106,Hombre,
107,Hombre,
108,Histórico,
109,Hombre,
111,Hombre,
114,Astronómico,
115,Hombre,
116,Descriptivo,
117,Geográfico,
119,Fauna,
120,Pais/Nación/Región,
121,Otro,
123,Hombre,
126,Histórico,
129,Otro,
135,Hombre,
138,Lugar/Ciudad,
141,Histórico,
144,Histórico,
145,Flora,
150,Hombre,
153,Hombre,
154,Hombre,
156,Hombre,
159,Hombre,
162,Hombre,
163,Hombre,
165,Hombre,
168,Hombre,
174,Hombre,
175,Hombre,
176,Mujer,Cultura
177,Geográfico,
180,Hombre,
183,Pais/Nación/Región,
186,Hombre,
187,Flora,
189,Hombre,
192,Lugar/Ciudad,
195,Pais/Nación/Región,
198,Geográfico,
200,Descriptivo,
201,Hombre,
203,Descriptivo,
204,Hombre,
206,Descriptivo,
207,Hombre,
208,Fauna,Ficción
209,Descriptivo,
210,Geográfico,
213,Hombre,
215,Hombre,
216,Hombre,
219,Astronómico,
222,Hombre,
224,Pais/Nación/Región,
225,Hombre,
227,Hombre,
228,Lugar/Ciudad,
229,Flora,
230,Histórico,
231,Lugar/Ciudad,
234,Hombre,
238,Flora,
239,Hombre,
240,Lugar/Ciudad,
241,Hombre,
243,Hombre,
245,Hombre,
246,Hombre,
247,Hombre,
248,Hombre,
249,Hombre,
251,Hombre,
252,Lugar/Ciudad,
253,Astronómico,
254,Hombre,
255,Hombre,
256,Familia,
257,Descriptivo,
258,Hombre,
259,Hombre,
260,Familia,
261,Hombre,
262,Hombre,
264,Hombre,
265,Descriptivo,
267,Hombre,
270,Hombre,
273,Hombre,
276,Hombre,
279,Hombre,
282,Hombre,
285,Hombre,
288,Geográfico,
289,Hombre,
291,Geográfico,
297,Hombre,
298,Geográfico,
299,Geográfico,
300,Pais/Nación/Región,
303,Pais/Nación/Región,
306,Pais/Nación/Región,
311,Hombre,
312,Hombre,
314,Mujer,Pionera
315,Lugar/Ciudad,
316,Hombre,
321,Hombre,
324,Lugar/Ciudad,
326,Flora,
327,Hombre,
330,Hombre,
331,Descriptivo,
333,Hombre,
336,Hombre,
339,Hombre,
342,Lugar/Ciudad,
345,Pais/Nación/Región,
348,Descriptivo,
354,Geográfico,
356,Hombre,
357,Geográfico,
360,Hombre,
362,Hombre,
363,Hombre,
364,Astronómico,
366,Hombre,
369,Lugar/Ciudad,
372,Hombre,
375,Astronómico,
376,Lugar/Ciudad,
377,Lugar/Ciudad,
378,Geográfico,
384,Geográfico,
387,Pais/Nación/Región,
393,Hombre,
396,Hombre,
399,Hombre,
400,Descriptivo,
402,Hombre,
403,Hombre,
405,Pais/Nación/Región,
406,Otro,
408,Pais/Nación/Región,
410,Geográfico,
411,Pais/Nación/Región,
417,Hombre,
420,Hombre,
421,Hombre,
423,Otro,
426,Geográfico,
427,Hombre,
429,Artes/Cultura,
432,Hombre,
435,Hombre,
438,Hombre,
441,Histórico,
442,Hombre,
444,Flora,
445,Geográfico,
447,Artes/Cultura,
450,Geográfico,
455,Hombre,
456,Hombre,
457,Hombre,
459,Lugar/Ciudad,
462,Mujer,Heroína
465,Hombre,
468,Hombre,
471,Hombre,
477,Hombre,
480,Hombre,
486,Hombre,
487,Hombre,
489,Lugar/Ciudad,
492,Artes/Cultura,
495,Hombre,
498,Hombre,
501,Hombre,
504,Hombre,
507,Descriptivo,
508,Histórico,
510,Mujer,Cultura
513,Lugar/Ciudad,
519,Geográfico,
522,Geográfico,
523,Mujer,Política
525,Pais/Nación/Región,
528,Hombre,
529,Histórico,
531,Pais/Nación/Región,
532,Hombre,
534,Pais/Nación/Región,
537,Hombre,
538,Astronómico,
539,Hombre,
540,Artes/Cultura,
541,Pais/Nación/Región,
542,Hombre,
543,Hombre,
545,Hombre,
546,Hombre,
547,Hombre,
549,Pais/Nación/Región,
552,Hombre,
555,Hombre,
556,Hombre,
558,Hombre,
561,Hombre,
562,Flora,
564,Hombre,
565,Hombre,
566,Hombre,
567,Histórico,
570,Hombre,
573,Hombre,
576,Hombre,
577,Hombre,
578,Hombre,
579,Hombre,
582,Hombre,
583,Pais/Nación/Región,
585,Hombre,
588,Hombre,
591,Geográfico,
594,Hombre,
597,Hombre,
600,Hombre,
601,Hombre,
603,Mujer,Madre/Esposa/Hija
604,Otro,
605,Descriptivo,
606,Hombre,
609,Hombre,
612,Hombre,
615,Hombre,
617,Hombre,
618,Hombre,
621,Hombre,
623,Histórico,
624,Hombre,
625,Hombre,
626,Hombre,
627,Hombre,
630,Histórico,
633,Hombre,
636,Histórico,
639,Lugar/Ciudad,
642,Hombre,
645,Pais/Nación/Región,
648,Lugar/Ciudad,
651,Geográfico,
654,Lugar/Ciudad,
657,Geográfico,
660,Lugar/Ciudad,
662,Hombre,
663,Hombre,
666,Histórico,
668,Pais/Nación/Región,
669,Pais/Nación/Región,
670,Descriptivo,
687,Hombre,
691,Histórico,
693,Histórico,
696,Hombre,
697,Pais/Nación/Región,
699,Histórico,
702,Geográfico,
703,Histórico,
705,Hombre,
708,Hombre,
711,Hombre,
714,Hombre,
715,Hombre,
717,Hombre,
719,Hombre,
720,Geográfico,
721,Hombre,
724,Mujer,Heroína
725,Hombre,
726,Histórico,
727,Flora,
728,Hombre,
729,Hombre,
732,Pais/Nación/Región,
734,Hombre,
735,Hombre,
736,Hombre,
738,Histórico,
739,Familia,
740,Descriptivo,
741,Hombre,
742,Lugar/Ciudad,
745,Hombre,
746,Hombre,
747,Pais/Nación/Región,
750,Hombre,
753,Hombre,
756,Hombre,
759,Hombre,
762,Hombre,
765,Lugar/Ciudad,
767,Hombre,
768,Hombre,
769,Lugar/Ciudad,
771,Hombre,
772,Hombre,
774,Lugar/Ciudad,
777,Lugar/Ciudad,
779,Mujer,Cultura
780,Hombre,
783,Hombre,
785,Lugar/Ciudad,
786,Hombre,
789,Hombre,
792,Hombre,
795,Pais/Nación/Región,
798,Hombre,
801,Hombre,
807,Hombre,
810,Lugar/Ciudad,
813,Hombre,
814,Hombre,
815,Hombre,
816,Hombre,
819,Hombre,
822,Mujer,Emprendedora
825,Hombre,
828,Hombre,
831,Hombre,
834,Hombre,
835,Hombre,
837,Mujer,Madre/Esposa/Hija
840,Hombre,
841,Mujer,Madre/Esposa/Hija
843,Histórico,
846,Hombre,
852,Hombre,
855,Hombre,
858,Lugar/Ciudad,
864,Hombre,
867,Hombre,
869,Hombre,
873,Hombre,
876,Geográfico,
877,Descriptivo,
878,Descriptivo,
879,Hombre,
881,Descriptivo,
882,Hombre,
883,Descriptivo,
884,Descriptivo,
885,Hombre,
886,Descriptivo,
891,Geográfico,
894,Geográfico,
897,Lugar/Ciudad,
900,Pais/Nación/Región,
903,Hombre,
905,Pais/Nación/Región,
906,Hombre,
909,Hombre,
911,Lugar/Ciudad,
913,Hombre,
915,Histórico,
916,Hombre,
918,Hombre,
921,Hombre,
924,Lugar/Ciudad,
926,Hombre,
927,Hombre,
928,Hombre,
930,Lugar/Ciudad,
931,Hombre,
932,Hombre,
933,Hombre,
936,Pais/Nación/Región,
939,Hombre,
941,Hombre,
942,Hombre,
943,Hombre,
944,Geográfico,
945,Lugar/Ciudad,
948,Hombre,
951,Lugar/Ciudad,
956,Descriptivo,
957,Hombre,
960,Hombre,
963,Hombre,
965,Hombre,
966,Hombre,
971,Hombre,
972,Hombre,
973,Hombre,
974,Hombre,
975,Hombre,
978,Hombre,
981,Geográfico,
983,Hombre,
984,Lugar/Ciudad,
985,Hombre,
986,Hombre,
987,Lugar/Ciudad,
990,Hombre,
992,Hombre,
993,Hombre,
994,Lugar/Ciudad,
996,Lugar/Ciudad,
999,Geográfico,
1002,Hombre,
1004,Hombre,
1006,Hombre,
1010,Hombre,
1011,Hombre,
1013,Hombre,
1014,Hombre,
1017,Histórico,
1020,Hombre,
1023,Hombre,
1026,Hombre,
1032,Lugar/Ciudad,
1034,Hombre,
1035,Hombre,
1038,Lugar/Ciudad,
1047,Hombre,
1050,Hombre,
1052,Hombre,
1053,Hombre,
1059,Pais/Nación/Región,
1062,Hombre,
1065,Geográfico,
1068,Hombre,
1069,Hombre,
1070,Hombre,
1071,Lugar/Ciudad,
1072,Hombre,
1073,Hombre,
1074,Hombre,
1075,Hombre,
1076,Hombre,
1077,Hombre,
1078,Mujer,Cultura
1079,Hombre,
1080,Histórico,
1081,Hombre,
1083,Hombre,
1086,Lugar/Ciudad,
1087,Hombre,
1090,Hombre,
1095,Fauna,
1098,Hombre,
1099,Lugar/Ciudad,
1101,Hombre,
1104,Hombre,
1107,Hombre,
1110,Pais/Nación/Región,
1113,Histórico,
1116,Lugar/Ciudad,
1119,Artes/Cultura,
1122,Pais/Nación/Región,
1125,Hombre,
1128,Hombre,
1131,Hombre,
1143,Hombre,
1145,Hombre,
1146,Lugar/Ciudad,
1147,Hombre,
1149,Hombre,
1152,Histórico,
1153,Mujer,Cultura
1158,Hombre,
1161,Lugar/Ciudad,
1164,Otro,
1167,Hombre,
1170,Pais/Nación/Región,
1173,Lugar/Ciudad,
1175,Fauna,
1176,Hombre,
1179,Hombre,
1182,Geográfico,
1183,Hombre,
1185,Hombre,
1187,Hombre,
1188,Hombre,
1190,Flora,
1191,Hombre,
1194,Hombre,
1195,Hombre,
1197,Hombre,
1199,Hombre,
1200,Hombre,
1203,Hombre,
1205,Hombre,
1206,Histórico,
1209,Otro,
1212,Lugar/Ciudad,
1215,Fauna,
1218,Hombre,
1221,Hombre,
1223,Histórico,
1224,Hombre,
1227,Histórico,
1230,Histórico,
1231,Histórico,
1232,Histórico,
1233,Hombre,
1236,Hombre,
1239,Hombre,
1242,Hombre,
1244,Mujer,Heroína
1245,Hombre,
1246,Hombre,
1248,Lugar/Ciudad,
1251,Histórico,
1254,Flora,
1257,Pais/Nación/Región,
1260,Lugar/Ciudad,
1263,Hombre,
1266,Hombre,
1267,Pais/Nación/Región,
1269,Hombre,
1272,Geográfico,
1274,Descriptivo,
1275,Geográfico,
1277,Descriptivo,
1278,Hombre,
1279,Hombre,
1280,Pais/Nación/Región,
1281,Hombre,
1282,Descriptivo,
1283,Geográfico,
1284,Pais/Nación/Región,
1285,Descriptivo,
1286,Descriptivo,
1287,Lugar/Ciudad,
1288,Hombre,
1289,Histórico,
1290,Hombre,
1291,Hombre,
1292,Descriptivo,
1293,Hombre,
1294,Hombre,
1295,Hombre,
1296,Descriptivo,
1297,Descriptivo,
1298,Astronómico,
1299,Descriptivo,
1300,Mujer,Falta información
1301,Astronómico,
1302,Descriptivo,
1303,Descriptivo,
1304,Descriptivo,
1305,Hombre,
1306,Hombre,
1307,Hombre,
1308,Descriptivo,
1309,Descriptivo,
1310,Hombre,
1311,Descriptivo,
1312,Hombre,
1313,Hombre,
1314,Descriptivo,
1315,Descriptivo,
1316,Hombre,
1317,Hombre,
1318,Hombre,
1319,Hombre,
1320,Descriptivo,
1321,Hombre,
1322,Hombre,
1323,Hombre,
1324,Descriptivo,
1325,Hombre,
1326,Hombre,
1327,Hombre,
1328,Hombre,
1329,Descriptivo,
1330,Hombre,
1331,Hombre,
1332,Descriptivo,
1333,Descriptivo,
1334,Descriptivo,
1335,Descriptivo,
1336,Descriptivo,
1337,Descriptivo,
1338,Descriptivo,
1339,Descriptivo,
1340,Descriptivo,
1341,Descriptivo,
1342,Fauna,
1343,Otro,
1344,Descriptivo,
1345,Descriptivo,
1346,Flora,
1347,Descriptivo,
1348,Descriptivo,
1349,Descriptivo,
1350,Flora,
1351,Hombre,
1352,Descriptivo,
1353,Hombre,
1354,Hombre,
1355,Hombre,
1356,Hombre,
1357,Hombre,
1358,Hombre,
1359,Flora,
1360,Descriptivo,
1361,Descriptivo,
1362,Descriptivo,
1363,Mujer,Cultura
1364,Mujer,Cultura
1365,Hombre,
1366,Fauna,
1367,Histórico,
1368,Hombre,
1369,Descriptivo,
1370,Descriptivo,
1371,Descriptivo,
1372,Descriptivo,
1373,Hombre,
1374,Descriptivo,
1375,Astronómico,
1376,Descriptivo,
1377,Hombre,
1378,Descriptivo,
1379,Descriptivo,
1380,Descriptivo,
1381,Descriptivo,
1382,Hombre,
1383,Hombre,
1384,Descriptivo,
1385,Fauna,
1386,Descriptivo,
1387,Hombre,
1388,Descriptivo,
1389,Descriptivo,
1390,Descriptivo,
1391,Hombre,
1392,Descriptivo,
1394,Hombre,
1396,Hombre,
1397,Hombre,
1398,Descriptivo,
1399,Descriptivo,
1400,Hombre,
1401,Descriptivo,
1402,Histórico,
1403,Hombre,
1404,Descriptivo,
1405,Lugar/Ciudad,
1406,Descriptivo,
1407,Descriptivo,
1408,Descriptivo,
1409,Histórico,
1410,Mujer,Cultura
1411,Histórico,
1412,Hombre,
1413,Descriptivo,
1414,Descriptivo,
1415,Hombre,
1416,Descriptivo,
1417,Descriptivo,
1418,Histórico,
1419,Pais/Nación/Región,
1420,Histórico,
1421,Descriptivo,
1422,Descriptivo,
1423,Descriptivo,
1424,Descriptivo,
1425,Descriptivo,
1426,Pais/Nación/Región,
1427,Descriptivo,
1428,Descriptivo,
1429,Descriptivo,
1430,Descriptivo,
1431,Descriptivo,
1432,Descriptivo,
1433,Descriptivo,
1434,Familia,
1435,Hombre,
1437,Descriptivo,
1440,Descriptivo,
1441,Mujer,Educación
1442,Mujer,Educación
1443,Descriptivo,
1444,Descriptivo,
1445,Mujer,Educación
1446,Descriptivo,
1447,Hombre,
1449,Descriptivo,
1450,Mujer,Educación
1451,Descriptivo,
1452,Mujer,Cultura
1453,Descriptivo,
1454,Mujer,Cultura
1455,Descriptivo,
1456,Hombre,
1457,Flora,
1458,Hombre,
1459,Descriptivo,
1460,Descriptivo,
1461,Descriptivo,
1462,Flora,
1463,Flora,
1464,Descriptivo,
1465,Mujer,Educación
1466,Flora,
1467,Descriptivo,
1468,Mujer,Educación
1469,Geográfico,
1471,Hombre,
1474,Descriptivo,
1475,Descriptivo,
1476,Hombre,
1477,Hombre,
1478,Mujer,Educación
1479,Hombre,
1480,Hombre,
1482,Pais/Nación/Región,
1485,Pais/Nación/Región,
1488,Flora,
1491,Histórico,
1493,Hombre,
1494,Hombre,
1495,Pais/Nación/Región,
1496,Fauna,
1497,Hombre,
1503,Hombre,
1506,Hombre,
1509,Hombre,
1511,Lugar/Ciudad,
1512,Lugar/Ciudad,
1515,Histórico,
1521,Hombre,
1522,Hombre,
1523,Hombre,
1524,Hombre,
1525,Geográfico,
1527,Hombre,
1528,Hombre,
1530,Pais/Nación/Región,
1536,Pais/Nación/Región,
1537,Hombre,
1538,Astronómico,
1539,Lugar/Ciudad,
1540,Mujer,Cultura
1542,Hombre,
1545,Pais/Nación/Región,
1548,Pais/Nación/Región,
1551,Hombre,
1552,Lugar/Ciudad,
1554,Hombre,
1557,Geográfico,
1560,Astronómico,
1563,Hombre,
1564,Artes/Cultura,
1566,Hombre,
1569,Hombre,
1572,Hombre,
1573,Hombre,
1574,Flora,
1575,Flora,
1578,Hombre,
1581,Hombre,
1584,Hombre,
1587,Hombre,
1590,Otro,
1593,Histórico,
1596,Lugar/Ciudad,
1599,Astronómico,
1601,Hombre,
1602,Familia,
1603,Hombre,
1605,Histórico,
1611,Lugar/Ciudad,
1614,Hombre,Ficción
1617,Hombre,
1620,Geográfico,
1621,Hombre,
1623,Artes/Cultura,
1625,Hombre,
1626,Pais/Nación/Región,
1628,Hombre,
1629,Hombre,
1632,Hombre,
1635,Histórico,
1638,Hombre,
1641,Lugar/Ciudad,
1644,Hombre,
1650,Hombre,
1653,Pais/Nación/Región,
1654,Astronómico,
1656,Hombre,
1659,Hombre,
1662,Hombre,
1663,Hombre,
1665,Lugar/Ciudad,
1668,Hombre,
1674,Hombre,
1677,Histórico,
1678,Flora,
1680,Hombre,
1683,Hombre,
1689,Lugar/Ciudad,
1695,Hombre,
1698,Hombre,
1701,Hombre,
1704,Hombre,
1705,Hombre,
1710,Hombre,
1711,Astronómico,
1712,Hombre,
1713,Hombre,
1715,Astronómico,
1716,Hombre,
1717,Hombre,
1719,Hombre,
1725,Hombre,
1728,Otro,
1729,Hombre,
1731,Hombre,
1734,Lugar/Ciudad,
1737,Hombre,
1743,Hombre,
1746,Hombre,
1749,Hombre,
1752,Hombre,
1753,Geográfico,
1755,Mujer,Cultura
1758,Hombre,
1764,Histórico,
1767,Pais/Nación/Región,
1769,Pais/Nación/Región,
1770,Lugar/Ciudad,
1771,Hombre,
1772,Hombre,
1773,Hombre,
1776,Hombre,
1777,Hombre,
1779,Hombre,
1782,Geográfico,
1785,Geográfico,
1788,Flora,
1790,Hombre,
1791,Astronómico,
1794,Geográfico,
1795,Flora,
1797,Artes/Cultura,
1799,Astronómico,
1800,Histórico,
1803,Descriptivo,
1804,Hombre,
1805,Descriptivo,
1806,Descriptivo,
1807,Descriptivo,
1815,Hombre,
1816,Histórico,
1818,Lugar/Ciudad,
1819,Mujer,Ficción
1821,Histórico,
1824,Histórico,
1827,Descriptivo,
1830,Geográfico,
1836,Hombre,
1837,Hombre,
1839,Hombre,
1842,Hombre,
1845,Hombre,
1848,Histórico,
1851,Hombre,
1854,Hombre,
1857,Hombre,
1860,Geográfico,
1861,Hombre,
1863,Pais/Nación/Región,
1866,Pais/Nación/Región,
1868,Artes/Cultura,
1869,Lugar/Ciudad,
1870,Descriptivo,
1872,Hombre,
1875,Pais/Nación/Región,
1876,Hombre,
1878,Hombre,
1881,Pais/Nación/Región,
1884,Pais/Nación/Región,
1885,Hombre,
1887,Hombre,
1890,Hombre,
1892,Hombre,
1893,Hombre,
1896,Lugar/Ciudad,
1899,Lugar/Ciudad,
1902,Hombre,
1905,Descriptivo,
1906,Hombre,
1908,Pais/Nación/Región,
1917,Pais/Nación/Región,
1923,Lugar/Ciudad,
1926,Geográfico,
1929,Descriptivo,
1932,Pais/Nación/Región,
1933,Descriptivo,
1935,Hombre,
1941,Pais/Nación/Región,
1944,Otro,
1947,Hombre,
1950,Pais/Nación/Región,
1956,Hombre,
1959,Geográfico,
1962,Hombre,
1965,Hombre,
1968,Hombre,
1969,Descriptivo,
1971,Hombre,
1974,Hombre,
1976,Flora,
1977,Lugar/Ciudad,
1978,Hombre,
1980,Lugar/Ciudad,
1981,Hombre,
1982,Descriptivo,
1983,Histórico,
1986,Histórico,
1989,Histórico,
1991,Hombre,
1992,Geográfico,
1994,Flora,
1995,Hombre,
1996,Flora,
2000,Hombre,
2001,Hombre,
2004,Hombre,
2007,Pais/Nación/Región,
2009,Hombre,
2012,Otro,
2013,Lugar/Ciudad,
2014,Hombre,
2016,Hombre,
2019,Lugar/Ciudad,
2020,Descriptivo,
2022,Geográfico,
2025,Otro,
2028,Fauna,
2034,Hombre,
2040,Hombre,
2043,Hombre,
2045,Hombre,
2046,Descriptivo,
2049,Lugar/Ciudad,
2052,Pais/Nación/Región,
2055,Hombre,
2061,Pais/Nación/Región,
2064,Geográfico,
2067,Otro,
2069,Otro,
2070,Hombre,
2076,Artes/Cultura,
2079,Geográfico,
2082,Histórico,
2085,Geográfico,
2087,Otro,
2088,Otro,
2091,Hombre,
2094,Pais/Nación/Región,
2096,Histórico,
2097,Otro,
2098,Histórico,
2100,Otro,
2106,Otro,
2109,Histórico,
2112,Otro,
2114,Mujer,Emprendedora
2115,Hombre,
2118,Otro,
2121,Hombre,
2124,Pais/Nación/Región,
2127,Hombre,
2136,Otro,
2139,Geográfico,
2140,Astronómico,
2142,Otro,
2145,Otro,
2147,Hombre,
2148,Pais/Nación/Región,
2151,Pais/Nación/Región,
2154,Geográfico,
2156,Otro,
2157,Hombre,
2160,Hombre,
2163,Hombre,
2166,Geográfico,
2169,Descriptivo,
2171,Hombre,
2172,Hombre,
2173,Pais/Nación/Región,
2174,Flora,
2175,Hombre,
2178,Hombre,
2181,Hombre,
2184,Hombre,
2185,Hombre,
2187,Pais/Nación/Región,
2190,Geográfico,
2192,Hombre,
2193,Hombre,
2196,Hombre,
2199,Hombre,
2200,Geográfico,
2201,Descriptivo,
2208,Hombre,
2209,Pais/Nación/Región,
2210,Hombre,
2211,Mujer,Falta información
2212,Hombre,
2213,Geográfico,
2214,Descriptivo,
2215,Hombre,
2216,Hombre,
2217,Descriptivo,
2218,Descriptivo,
2219,Descriptivo,
2220,Descriptivo,
2221,Descriptivo,
2222,Descriptivo,
2223,Histórico,
2224,Hombre,
2226,Geográfico,
2229,Hombre,
2232,Histórico,
2235,Hombre,
2238,Hombre,
2241,Hombre,
2244,Hombre,
2247,Pais/Nación/Región,
2250,Hombre,
2252,Hombre,
2253,Histórico,
2255,Hombre,
2256,Hombre,
2262,Artes/Cultura,
2263,Hombre,
2265,Geográfico,
2266,Descriptivo,
2268,Artes/Cultura,
2269,Descriptivo,
2270,Hombre,
2271,Geográfico,
2274,Pais/Nación/Región,
2277,Geográfico,
2280,Hombre,
2283,Geográfico,
2286,Hombre,
2288,Otro,
2289,Hombre,
2290,Hombre,
2291,Hombre,
2292,Artes/Cultura,
2293,Familia,
2295,Geográfico,
2298,Hombre,
2300,Histórico,
2301,Artes/Cultura,
2302,Artes/Cultura,
2303,Hombre,
2304,Histórico,
2305,Hombre,
2306,Flora,
2307,Lugar/Ciudad,
2308,Geográfico,
2309,Astronómico,
2310,Geográfico,
2311,Fauna,
2312,Hombre,
2313,Hombre,
2314,Hombre,
2315,Descriptivo,
2316,Geográfico,
2317,Hombre,
2318,Histórico,
2319,Hombre,
2320,Histórico,
2321,Artes/Cultura,
2322,Geográfico,
2323,Descriptivo,
2324,Hombre,
2325,Hombre,
2326,Hombre,
2327,Hombre,
2328,Lugar/Ciudad,
2329,Otro,
2330,Hombre,
2331,Hombre,
2332,Mujer,Cultura
2333,Hombre,
2334,Hombre,
2335,Descriptivo,
2336,Hombre,
2337,Histórico,
2338,Hombre,
2339,Descriptivo,
2340,Hombre,
2341,Hombre,
2342,Hombre,
2343,Otro,
2344,Otro,
2345,Hombre,
2346,Histórico,
2347,Hombre,
2348,Fauna,
2349,Artes/Cultura,
2350,Hombre,
2351,Otro,
2352,Hombre,
2353,Hombre,
2354,Artes/Cultura,
2355,Hombre,
2356,Hombre,
2357,Hombre,
2358,Hombre,
2359,Otro,
2360,Hombre,
2361,Hombre,
2362,Hombre,
2363,Hombre,
2364,Hombre,
2365,Hombre,
2366,Artes/Cultura,
2367,Hombre,
2368,Hombre,
2369,Hombre,
2370,Hombre,
2371,Descriptivo,
2372,Descriptivo,
2373,Hombre,
2374,Hombre,
2375,Descriptivo,
2376,Hombre,
2377,Otro,
2378,Artes/Cultura,
2379,Pais/Nación/Región,
2380,Hombre,
2381,Hombre,
2382,Hombre,
2383,Astronómico,
2384,Hombre,
2385,Pais/Nación/Región,
2386,Hombre,
2387,Hombre,
2388,Hombre,
2389,Artes/Cultura,
2390,Artes/Cultura,
2391,Histórico,
2392,Descriptivo,
2393,Artes/Cultura,
2394,Hombre,
2395,Histórico,
2396,Histórico,
2397,Artes/Cultura,
2398,Astronómico,
2399,Hombre,
2400,Hombre,
2401,Artes/Cultura,
2402,Descriptivo,
2403,Descriptivo,
2404,Artes/Cultura,
2405,Artes/Cultura,
2406,Histórico,
2407,Hombre,
2408,Hombre,
2409,Hombre,
2410,Hombre,
2411,Astronómico,
2412,Pais/Nación/Región,
2413,Astronómico,
2414,Hombre,
2415,Artes/Cultura,
2416,Hombre,
2417,Hombre,
2418,Hombre,
2419,Hombre,
2420,Hombre,
2421,Hombre,
2422,Hombre,
2423,Hombre,
2424,Hombre,
2425,Hombre,
2426,Descriptivo,
2427,Hombre,
2428,Hombre,
2429,Hombre,
2430,Hombre,
2431,Hombre,
2432,Hombre,
2433,Hombre,
2435,Flora,
2436,Pais/Nación/Región,
2437,Artes/Cultura,
2438,Hombre,
2439,Geográfico,
2441,Mujer,Cultura
2442,Hombre,
2443,Hombre,
2444,Mujer,Cultura
2445,Hombre,
2447,Hombre,
2448,Hombre,
2449,Descriptivo,
2450,Mujer,Educación
2451,Hombre,
2452,Flora,
2454,Hombre,
2455,Hombre,
2457,Hombre,
2460,Hombre,
2463,Hombre,
2466,Pais/Nación/Región,
2469,Lugar/Ciudad,
2471,Hombre,
2472,Hombre,
2473,Descriptivo,
2474,Descriptivo,
2475,Pais/Nación/Región,
2476,Descriptivo,
2478,Hombre,
2479,Hombre,
2480,Fauna,
2481,Histórico,
2482,Otro,
2483,Fauna,
2484,Artes/Cultura,
2485,Artes/Cultura,
2486,Fauna,
2487,Artes/Cultura,
2488,Flora,
2489,Fauna,
2490,Hombre,
2491,Fauna,
2492,Fauna,
2493,Lugar/Ciudad,
2494,Artes/Cultura,
2496,Hombre,
2497,Geográfico,
2499,Fauna,
2500,Otro,
2501,Otro,
2502,Hombre,
2503,Hombre,
2504,Hombre,
2505,Artes/Cultura,
2506,Fauna,
2507,Otro,
2508,Hombre,
2509,Fauna,
2510,Artes/Cultura,
2511,Hombre,
2512,Fauna,
2513,Artes/Cultura,
2514,Histórico,
2517,Histórico,
2520,Hombre,
2522,Artes/Cultura,
2523,Hombre,
2524,Hombre,
2525,Hombre,
2526,Lugar/Ciudad,
2527,Astronómico,
2528,Descriptivo,
2529,Hombre,
2530,Hombre,
2532,Hombre,
2535,Hombre,
2536,Hombre,
2538,Hombre,
2541,Hombre,
2542,Hombre,
2544,Hombre,
2547,Pais/Nación/Región,
2548,Astronómico,
2550,Histórico,
2553,Hombre,
2559,Geográfico,
2562,Pais/Nación/Región,
2565,Otro,
2567,Flora,
2568,Lugar/Ciudad,
2572,Hombre,
2574,Otro,
2575,Artes/Cultura,
2577,Hombre,
2580,Lugar/Ciudad,
2586,Hombre,
2589,Hombre,
2592,Hombre,
2595,Hombre,
2596,Artes/Cultura,
2598,Hombre,
2600,Hombre,
2601,Geográfico,
2604,Hombre,
2605,Geográfico,
2610,Hombre,
2613,Lugar/Ciudad,
2616,Hombre,
2619,Hombre,
2622,Hombre,
2628,Hombre,
2630,Hombre,
2631,Hombre,
2634,Hombre,
2638,Astronómico,
2640,Hombre,
2643,Familia,
2646,Hombre,
2647,Hombre,
2648,Pais/Nación/Región,
2649,Geográfico,
2650,Pais/Nación/Región,
2651,Histórico,
2652,Geográfico,
2654,Hombre,
2655,Hombre,
2656,Hombre,
2657,Hombre,
2658,Hombre,
2659,Mujer,Educación
2661,Hombre,
2664,Hombre,
2665,Artes/Cultura,
2667,Artes/Cultura,
2670,Familia,
2671,Artes/Cultura,
2673,Otro,
2676,Artes/Cultura,
2679,Artes/Cultura,
2682,Hombre,
2685,Hombre,
2688,Hombre,
2689,Hombre,
2690,Hombre,
2691,Hombre,
2692,Hombre,
2693,Hombre,
2694,Lugar/Ciudad,
2699,Hombre,
2700,Hombre,
2701,Hombre,
2702,Hombre,
2703,Hombre,
2704,Hombre,
2705,Hombre,
2706,Artes/Cultura,
2707,Hombre,
2708,Hombre,
2709,Hombre,
2710,Hombre,
2712,Hombre,
2713,Hombre,
2715,Hombre,
2717,Hombre,
2718,Hombre,
2719,Hombre,
2721,Histórico,
2724,Lugar/Ciudad,
2727,Pais/Nación/Región,
2730,Pais/Nación/Región,
2733,Astronómico,
2736,Hombre,
2739,Hombre,
2742,Hombre,
2743,Hombre,
2744,Flora,
2745,Lugar/Ciudad,
2751,Hombre,
2754,Hombre,
2755,Hombre,
2757,Geográfico,
2760,Pais/Nación/Región,
2763,Hombre,
2764,Artes/Cultura,
2765,Hombre,
2766,Otro,
2769,Hombre,
2770,Hombre,
2772,Hombre,
2775,Hombre,
2778,Hombre,
2780,Descriptivo,
2781,Descriptivo,
2782,Hombre,
2783,Hombre,
2784,Hombre,
2787,Histórico,
2789,Hombre,
2790,Pais/Nación/Región,
2793,Pais/Nación/Región,
2796,Hombre,
2797,Hombre,
2799,Hombre,
2802,Hombre,
2805,Otro,
2807,Hombre,
2808,Hombre,
2809,Hombre,
2811,Hombre,
2817,Hombre,
2818,Descriptivo,
2820,Hombre,
2823,Lugar/Ciudad,
2824,Pais/Nación/Región,
2825,Otro,
2826,Descriptivo,
2827,Hombre,
2828,Hombre,
2829,Hombre,
2830,Hombre,
2832,Hombre,
2835,Hombre,
2838,Histórico,
2841,Hombre,
2844,Hombre,
2846,Hombre,
2847,Hombre,
2850,Familia,
2853,Hombre,
2859,Artes/Cultura,
2862,Hombre,
2865,Hombre,
2871,Hombre,
2874,Hombre,
2876,Hombre,
2877,Artes/Cultura,
2880,Hombre,
2883,Hombre,
2886,Pais/Nación/Región,
2889,Hombre,
2892,Hombre,
2895,Hombre,
2901,Hombre,
2904,Hombre,
2907,Hombre,
2910,Hombre,
2913,Hombre,
2919,Hombre,
2920,Pais/Nación/Región,
2922,Hombre,
2924,Hombre,
2925,Hombre,
2926,Hombre,
2928,Hombre,
2929,Hombre,
2931,Hombre,
2932,Hombre,
2933,Hombre,
2934,Hombre,
2935,Hombre,
2936,Hombre,
2937,Hombre,
2938,Hombre,
2939,Hombre,
2940,Hombre,
2941,Hombre,
2942,Hombre,
2943,Hombre,
2944,Hombre,
2945,Hombre,
2946,Hombre,
2949,Hombre,
2955,Hombre,
2957,Hombre,
2958,Geográfico,
2960,Hombre,
2961,Artes/Cultura,
2964,Geográfico,
2967,Lugar/Ciudad,
2970,Histórico,
2971,Astronómico,
2973,Lugar/Ciudad,
2974,Hombre,
2976,Hombre,
2978,Mujer,Falta información
2985,Hombre,
2988,Histórico,
2991,Lugar/Ciudad,
2992,Otro,
2994,Hombre,
2995,Hombre,
2997,Hombre,
3000,Hombre,
3003,Hombre,
3004,Hombre,
3009,Hombre,
3012,Hombre,
3014,Hombre,
3015,Hombre,
3017,Hombre,
3018,Hombre,
3019,Hombre,
3020,Hombre,
3021,Geográfico,
3024,Artes/Cultura,
3027,Lugar/Ciudad,
3028,Hombre,
3030,Geográfico,
3033,Hombre,
3036,Hombre,
3039,Hombre,
3042,Hombre,
3045,Hombre,
3048,Hombre,
3051,Hombre,
3057,Hombre,
3058,Hombre,
3060,Hombre,
3063,Hombre,
3069,Hombre,
3072,Hombre,
3075,Hombre,
3077,Hombre,
3078,Hombre,
3081,Hombre,
3083,Hombre,
3087,Hombre,
3090,Hombre,
3093,Hombre,
3094,Hombre,
3095,Hombre,
3096,Hombre,
3099,Hombre,
3100,Hombre,
3103,Hombre,
3107,Hombre,
3108,Hombre,
3111,Hombre,
3112,Mujer,Educación
3114,Hombre,
3119,Lugar/Ciudad,
3120,Histórico,
3121,Hombre,
3126,Histórico,
3129,Histórico,
3132,Geográfico,
3133,Descriptivo,
3135,Hombre,
3138,Hombre,
3144,Hombre,
3147,Hombre,
3150,Pais/Nación/Región,
3153,Hombre,
3156,Pais/Nación/Región,
3159,Hombre,
3162,Pais/Nación/Región,
3165,Hombre,
3168,Geográfico,
3171,Lugar/Ciudad,
3174,Pais/Nación/Región,
3177,Mujer,Ficción
3180,Histórico,
3183,Pais/Nación/Región,
3186,Lugar/Ciudad,
3188,Hombre,
3189,Lugar/Ciudad,
3192,Pais/Nación/Región,
3195,Geográfico,
3198,Hombre,
3201,Hombre,
3204,Geográfico,
3205,Mujer,Pionera
3206,Hombre,
3207,Hombre,
3208,Lugar/Ciudad,
3210,Hombre,
3213,Pais/Nación/Región,
3216,Flora,
3219,Histórico,
3222,Histórico,
3225,Lugar/Ciudad,
3228,Geográfico,
3231,Artes/Cultura,
3234,Geográfico,
3237,Hombre,
3240,Pais/Nación/Región,
3243,Hombre,
3246,Hombre,
3247,Descriptivo,
3249,Hombre,
3251,Mujer,Pionera
3252,Artes/Cultura,
3255,Hombre,
3256,Pais/Nación/Región,
3257,Fauna,
3258,Pais/Nación/Región,
3261,Artes/Cultura,
3264,Hombre,
3266,Hombre,
3267,Hombre,
3270,Hombre,
3273,Hombre,
3276,Hombre,
3279,Hombre,
3282,Hombre,
3285,Lugar/Ciudad,
3288,Hombre,
3291,Hombre,
3294,Pais/Nación/Región,
3297,Lugar/Ciudad,
3298,Hombre,
3300,Hombre,
3303,Hombre,
3304,Hombre,
3305,Hombre,
3306,Lugar/Ciudad,
3309,Hombre,
3311,Astronómico,
3312,Pais/Nación/Región,
3313,Descriptivo,
3315,Hombre,
3318,Hombre,
3321,Hombre,
3322,Hombre,
3324,Hombre,
3326,Hombre,
3327,Hombre,
3330,Artes/Cultura,
3333,Hombre,
3336,Hombre,
3340,Hombre,
3342,Hombre,
3345,Hombre,
3348,Hombre,
3351,Mujer,Filántropa
3354,Hombre,
3356,Hombre,
3357,Histórico,
3360,Hombre,
3363,Histórico,
3364,Astronómico,
3365,Hombre,
3366,Geográfico,
3367,Descriptivo,
3369,Familia,
3372,Pais/Nación/Región,
3375,Hombre,
3378,Pais/Nación/Región,
3381,Otro,
3384,Artes/Cultura,
3387,Hombre,
3392,Descriptivo,
3393,Hombre,
3394,Mujer,Educación
3399,Hombre,
3402,Hombre,
3405,Hombre,
3408,Hombre,
3411,Hombre,
3414,Geográfico,
3417,Histórico,
3420,Histórico,
3423,Hombre,
3426,Pais/Nación/Región,
3429,Histórico,
3432,Hombre,
3435,Mujer,Educación
3438,Pais/Nación/Región,
3441,Hombre,
3442,Geográfico,
3444,Flora,
3447,Histórico,
3450,Geográfico,
3451,Hombre,
3456,Pais/Nación/Región,
3459,Geográfico,
3465,Hombre,
3468,Hombre,
3471,Histórico,
3472,Pais/Nación/Región,
3474,Geográfico,
3475,Descriptivo,
3477,Histórico,
3480,Histórico,
3483,Hombre,
3492,Histórico,
3494,Pais/Nación/Región,
3495,Histórico,
3496,Hombre,
3498,Hombre,
3501,Lugar/Ciudad,
3504,Pais/Nación/Región,
3507,Histórico,
3508,Artes/Cultura,
3510,Histórico,
3513,Lugar/Ciudad,
3514,Hombre,
3516,Hombre,
3519,Hombre,
3525,Hombre,
3528,Astronómico,
3531,Pais/Nación/Región,
3534,Lugar/Ciudad,
3537,Hombre,
3540,Geográfico,
3543,Geográfico,
3546,Geográfico,
3549,Otro,
3552,Pais/Nación/Región,
3555,Lugar/Ciudad,
3558,Geográfico,
3564,Pais/Nación/Región,
3567,Otro,
3570,Geográfico,
3573,Lugar/Ciudad,
3576,Lugar/Ciudad,
3577,Lugar/Ciudad,
3579,Lugar/Ciudad,
3582,Hombre,
3585,Histórico,
3591,Hombre,
3592,Flora,
3594,Hombre,
3597,Hombre,
3600,Lugar/Ciudad,
3603,Pais/Nación/Región,
3606,Hombre,
3612,Pais/Nación/Región,
3613,Hombre,
3615,Hombre,
3618,Hombre,
3621,Hombre,
3623,Hombre,
3624,Hombre,
3627,Hombre,
3629,Hombre,
3630,Pais/Nación/Región,
3633,Hombre,
3635,Flora,
3636,Flora,
3637,Otro,
3638,Astronómico,
3639,Otro,
3644,Hombre,
3645,Hombre,
3646,Hombre,
3648,Hombre,
3651,Hombre,
3654,Hombre,
3658,Lugar/Ciudad,
3659,Fauna,
3660,Hombre,
3663,Hombre,
3666,Hombre,
3667,Hombre,
3668,Descriptivo,
3669,Pais/Nación/Región,
3670,Astronómico,
3672,Hombre,
3675,Hombre,
3678,Hombre,
3679,Flora,
3680,Fauna,
3681,Flora,
3682,Fauna,
3683,Otro,
3684,Hombre,
3685,Artes/Cultura,
3687,Histórico,
3689,Hombre,
3690,Flora,
3691,Lugar/Ciudad,
3692,Hombre,
3693,Hombre,
3694,Astronómico,
3696,Hombre,
3697,Pais/Nación/Región,
3698,Mujer,Educación
3699,Histórico,
3705,Hombre,
3707,Hombre,
3708,Hombre,
3710,Hombre,
3711,Hombre,
3714,Hombre,
3717,Hombre,
3720,Hombre,
3723,Geográfico,
3726,Hombre,
3732,Hombre,
3735,Histórico,
3736,Hombre,
3737,Hombre,
3738,Hombre,
3739,Flora,
3740,Descriptivo,
3741,Hombre,
3742,Hombre,
3743,Hombre,
3747,Hombre,
3750,Hombre,
3753,Hombre,
3754,Hombre,
3756,Hombre,
3759,Hombre,
3762,Hombre,
3765,Geográfico,
3768,Pais/Nación/Región,
3770,Hombre,
3777,Hombre,
3780,Hombre,
3783,Hombre,
3787,Hombre,
3788,Mujer,Madre/Esposa/Hija
3789,Hombre,
3790,Descriptivo,
3791,Histórico,
3792,Hombre,
3795,Pais/Nación/Región,
3796,Flora,
3797,Descriptivo,
3798,Flora,
3799,Flora,
3801,Flora,
3804,Hombre,
3805,Flora,
3806,Astronómico,
3807,Histórico,
3808,Otro,
3810,Hombre,
3813,Fauna,
3814,Flora,
3816,Flora,
3817,Pais/Nación/Región,
3818,Flora,
3819,Flora,
3820,Flora,
3821,Fauna,
3822,Histórico,
3823,Hombre,
3824,Flora,
3825,Flora,
3828,Artes/Cultura,
3829,Astronómico,
3830,Hombre,
3831,Hombre,
3834,Hombre,
3837,Lugar/Ciudad,
3838,Flora,
3839,Fauna,
3840,Hombre,
3841,Artes/Cultura,
3842,Hombre,
3843,Flora,
3844,Flora,
3845,Flora,
3846,Hombre,
3847,Flora,
3848,Flora,
3849,Flora,
3850,Flora,
3851,Flora,
3852,Histórico,
3853,Flora,
3855,Flora,
3856,Hombre,
3858,Hombre,
3861,Hombre,
3862,Hombre,
3864,Hombre,
3865,Descriptivo,
3866,Flora,
3867,Hombre,
3868,Descriptivo,
3869,Hombre,
3870,Hombre,
3871,Descriptivo,
3873,Hombre,
3876,Hombre,
3879,Hombre,
3885,Hombre,
3888,Hombre,
3891,Hombre,
3894,Hombre,
3897,Hombre,
3898,Hombre,
3900,Hombre,
3902,Astronómico,
3903,Mujer,Falta información
3904,Hombre,
3906,Hombre,
3909,Histórico,
3910,Hombre,
3911,Hombre,
3912,Hombre,
3913,Mujer,Cultura
3914,Lugar/Ciudad,
3915,Hombre,
3918,Hombre,
3921,Pais/Nación/Región,
3923,Pais/Nación/Región,
3924,Pais/Nación/Región,
3927,Pais/Nación/Región,
3928,Astronómico,
3930,Hombre,
3933,Lugar/Ciudad,
3936,Lugar/Ciudad,
3939,Lugar/Ciudad,
3942,Lugar/Ciudad,
3945,Histórico,
3948,Lugar/Ciudad,
3951,Hombre,
3954,Hombre,
3957,Hombre,
3960,Geográfico,
3963,Lugar/Ciudad,
3965,Hombre,
3966,Artes/Cultura,
3968,Fauna,
3969,Lugar/Ciudad,
3972,Hombre,
3974,Flora,
3975,Pais/Nación/Región,
3978,Lugar/Ciudad,
3980,Hombre,
3981,Lugar/Ciudad,
3982,Hombre,
3984,Hombre,
3986,Hombre,
3990,Hombre,
3992,Flora,
3993,Lugar/Ciudad,
3994,Flora,
3995,Artes/Cultura,
3996,Lugar/Ciudad,
3997,Hombre,
3998,Hombre,
3999,Pais/Nación/Región,
4000,Artes/Cultura,
4001,Artes/Cultura,
4002,Hombre,
4003,Flora,
4004,Flora,
4005,Hombre,
4006,Flora,
4007,Flora,
4008,Lugar/Ciudad,
4009,Flora,
4010,Flora,
4011,Hombre,
4012,Flora,
4013,Flora,
4014,Hombre,
4015,Flora,
4016,Flora,
4017,Flora,
4018,Astronómico,
4019,Fauna,
4020,Flora,
4021,Hombre,
4022,Flora,
4023,Hombre,
4024,Flora,
4025,Hombre,
4026,Flora,
4027,Flora,
4028,Flora,
4029,Hombre,
4030,Fauna,
4031,Flora,
4032,Hombre,
4033,Fauna,
4034,Artes/Cultura,
4035,Mujer,Falta información
4036,Flora,
4037,Flora,
4038,Lugar/Ciudad,
4039,Flora,
4040,Artes/Cultura,
4041,Hombre,
4042,Flora,
4043,Flora,
4044,Lugar/Ciudad,
4045,Lugar/Ciudad,
4046,Hombre,
4047,Mujer,Educación
4049,Flora,
4050,Mujer,Educación
4051,Flora,
4052,Fauna,
4053,Hombre,
4054,Flora,
4056,Hombre,
4057,Flora,
4059,Hombre,
4060,Flora,
4061,Fauna,
4062,Pais/Nación/Región,
4065,Hombre,
4066,Hombre,
4067,Hombre,
4068,Lugar/Ciudad,
4071,Hombre,
4076,Descriptivo,
4077,Artes/Cultura,
4078,Hombre,
4080,Hombre,
4081,Hombre,
4083,Hombre,
4086,Artes/Cultura,
4087,Hombre,
4089,Hombre,
4090,Hombre,
4092,Flora,
4095,Lugar/Ciudad,
4098,Hombre,
4101,Hombre,
4102,Hombre,
4104,Hombre,
4105,Hombre,
4107,Hombre,
4110,Hombre,
4113,Hombre,
4116,Pais/Nación/Región,
4122,Hombre,
4125,Hombre,
4128,Geográfico,
4130,Fauna,
4131,Histórico,
4134,Geográfico,
4137,Geográfico,
4140,Pais/Nación/Región,
4143,Lugar/Ciudad,
4146,Lugar/Ciudad,
4149,Geográfico,
4150,Flora,
4152,Histórico,
4153,Familia,
4154,Lugar/Ciudad,
4155,Geográfico,
4158,Geográfico,
4161,Fauna,
4164,Mujer,Educación
4167,Histórico,
4170,Lugar/Ciudad,
4171,Hombre,
4172,Mujer,Educación
4173,Geográfico,
4174,Mujer,Cultura
4176,Lugar/Ciudad,
4177,Hombre,
4179,Hombre,
4180,Flora,
4182,Lugar/Ciudad,
4183,Lugar/Ciudad,
4185,Histórico,
4188,Hombre,
4191,Hombre,
4194,Mujer,Madre/Esposa/Hija
4197,Hombre,
4198,Otro,
4200,Hombre,
4203,Hombre,
4206,Hombre,
4209,Hombre,
4210,Hombre,
4215,Geográfico,
4216,Artes/Cultura,
4218,Geográfico,
4221,Histórico,
4224,Hombre,
4227,Histórico,
4233,Hombre,
4236,Hombre,
4239,Hombre,
4242,Flora,
4243,Pais/Nación/Región,
4245,Lugar/Ciudad,
4248,Hombre,
4254,Hombre,
4257,Hombre,
4260,Hombre,
4263,Hombre,
4266,Hombre,
4267,Hombre,
4268,Hombre,
4269,Hombre,
4270,Hombre,
4272,Hombre,
4273,Hombre,
4274,Hombre,
4275,Hombre,
4277,Hombre,
4278,Hombre,
4281,Hombre,
4287,Hombre,
4290,Lugar/Ciudad,
4293,Histórico,
4296,Hombre,
4302,Flora,
4305,Hombre,
4306,Descriptivo,
4307,Pais/Nación/Región,
4308,Hombre,
4309,Hombre,
4314,Descriptivo,
4317,Histórico,
4320,Otro,
4323,Hombre,
4326,Flora,
4332,Hombre,
4334,Hombre,
4336,Hombre,
4338,Hombre,
4339,Hombre,
4340,Hombre,
4341,Otro,
4344,Geográfico,
4350,Pais/Nación/Región,
4352,Hombre,
4356,Pais/Nación/Región,
4359,Hombre,
4360,Hombre,
4362,Lugar/Ciudad,
4368,Hombre,
4369,Lugar/Ciudad,
4371,Descriptivo,
4374,Familia,
4377,Hombre,
4379,Hombre,
4380,Hombre,
4383,Hombre,
4386,Hombre,
4387,Hombre,
4389,Hombre,
4390,Hombre,
4391,Hombre,
4392,Pais/Nación/Región,
4395,Hombre,
4396,Hombre,
4398,Lugar/Ciudad,
4399,Mujer,Pionera
4400,Flora,
4401,Pais/Nación/Región,
4404,Lugar/Ciudad,
4405,Astronómico,
4406,Hombre,
4408,Hombre,
4410,Histórico,
4413,Lugar/Ciudad,
4414,Hombre,
4415,Hombre,
4416,Descriptivo,
4425,Hombre,
4426,Descriptivo,
4431,Histórico,
4434,Lugar/Ciudad,
4435,Descriptivo,
4436,Descriptivo,
4437,Lugar/Ciudad,
4439,Hombre,
4440,Hombre,
4441,Hombre,
4443,Geográfico,
4446,Histórico,
4449,Hombre,
4452,Hombre,
4455,Lugar/Ciudad,
4457,Hombre,
4459,Hombre,
4461,Hombre,
4464,Hombre,
4467,Pais/Nación/Región,
4469,Hombre,
4470,Geográfico,
4473,Pais/Nación/Región,
4476,Pais/Nación/Región,
4477,Flora,
4479,Geográfico,
4480,Histórico,
4481,Hombre,
4482,Hombre,
4485,Hombre,
4486,Hombre,
4488,Hombre,
4491,Geográfico,
4494,Hombre,
4497,Otro,
4500,Histórico,
4503,Geográfico,
4506,Geográfico,
4508,Mujer,Cultura
4509,Hombre,
4512,Hombre,
4513,Geográfico,
4514,Fauna,
4515,Lugar/Ciudad,
4518,Hombre,
4520,Histórico,
4521,Geográfico,
4524,Hombre,
4526,Hombre,
4527,Hombre,
4530,Hombre,
4533,Hombre,
4536,Histórico,
4539,Lugar/Ciudad,
4540,Hombre,
4542,Hombre,
4545,Hombre,
4546,Hombre,
4548,Hombre,
4551,Mujer,Madre/Esposa/Hija
4552,Hombre,
4553,Hombre,
4554,Hombre,
4555,Hombre,
4556,Hombre,
4557,Geográfico,
4560,Hombre,
4563,Hombre,
4564,Hombre,
4566,Histórico,
4568,Hombre,
4569,Hombre,
4571,Hombre,
4572,Familia,
4575,Hombre,
4576,Hombre,
4577,Hombre,
4578,Hombre,
4581,Hombre,
4582,Hombre,
4583,Hombre,
4584,Histórico,
4585,Hombre,
4587,Hombre,
4593,Descriptivo,
4605,Hombre,
4607,Hombre,
4608,Hombre,
4610,Hombre,
4611,Hombre,
4612,Hombre,
4614,Hombre,
4617,Hombre,
4620,Hombre,
4623,Hombre,
4626,Hombre,
4629,Hombre,
4632,Hombre,
4635,Histórico,
4641,Hombre,
4644,Mujer,Educación
4650,Hombre,
4653,Lugar/Ciudad,
4656,Hombre,
4659,Hombre,
4662,Hombre,
4668,Artes/Cultura,
4670,Hombre,
4671,Lugar/Ciudad,
4674,Lugar/Ciudad,
4677,Lugar/Ciudad,
4680,Hombre,
4683,Hombre,
4689,Hombre,
4692,Hombre,
4695,Hombre,
4697,Lugar/Ciudad,
4698,Artes/Cultura,
4701,Hombre,
4704,Pais/Nación/Región,
4707,Hombre,
4713,Hombre,
4714,Hombre,
4715,Astronómico,
4716,Hombre,
4719,Hombre,
4721,Pais/Nación/Región,
4722,Hombre,
4725,Hombre,
4728,Histórico,
4731,Geográfico,
4734,Pais/Nación/Región,
4737,Hombre,
4738,Hombre,
4740,Hombre,
4742,Otro,
4743,Geográfico,
4745,Hombre,
4746,Lugar/Ciudad,
4747,Hombre,
4748,Hombre,
4749,Lugar/Ciudad,
4750,Hombre,
4752,Histórico,
4753,Pais/Nación/Región,
4758,Histórico,
4761,Lugar/Ciudad,
4764,Hombre,
4767,Hombre,
4773,Hombre,
4776,Hombre,
4779,Hombre,
4782,Otro,
4785,Artes/Cultura,
4786,Pais/Nación/Región,
4788,Lugar/Ciudad,
4791,Lugar/Ciudad,
4794,Lugar/Ciudad,
4796,Pais/Nación/Región,
4797,Hombre,
4800,Hombre,
4803,Hombre,
4806,Hombre,
4809,Hombre,
4815,Hombre,
4818,Lugar/Ciudad,
4819,Hombre,
4821,Mujer,Cultura
4822,Hombre,
4824,Hombre,
4825,Descriptivo,
4826,Descriptivo,
4829,Descriptivo,
4830,Descriptivo,
4831,Descriptivo,
4832,Descriptivo,
4833,Descriptivo,
4834,Descriptivo,
4836,Hombre,
4838,Descriptivo,
4840,Hombre,
4848,Astronómico,
4852,Pais/Nación/Región,
4855,Hombre,
4856,Descriptivo,
4858,Descriptivo,
4860,Descriptivo,
4864,Hombre,
4869,Hombre,
4870,Hombre,
4872,Mujer,Pionera
4875,Fauna,
4876,Fauna,
4878,Hombre,
4879,Descriptivo,
4882,Hombre,
4884,Hombre,
4888,Hombre,
4889,Histórico,
4890,Histórico,
4891,Histórico,
4892,Histórico,
4893,Histórico,
4908,Hombre,
4909,Hombre,
4914,Hombre,
4917,Hombre,
4920,Hombre,
4923,Hombre,
4924,Hombre,
4926,Geográfico,
4927,Hombre,
4929,Hombre,
4932,Hombre,
4938,Hombre,
4941,Lugar/Ciudad,
4943,Geográfico,
4944,Artes/Cultura,
4947,Histórico,
4950,Histórico,
4953,Hombre,
4956,Hombre,
4959,Hombre,
4962,Hombre,
4965,Hombre,
4966,Mujer,Falta información
4968,Hombre,
4971,Hombre,
4974,Histórico,
4977,Histórico,
4983,Geográfico,
4984,Astronómico,
4986,Lugar/Ciudad,
4989,Hombre,
4992,Mujer,Educación
4994,Flora,
4995,Hombre,
4996,Hombre,
4998,Hombre,
4999,Hombre,
5001,Hombre,
5002,Astronómico,
5003,Astronómico,
5004,Hombre,
5007,Hombre,
5009,Hombre,
5010,Lugar/Ciudad,
5011,Hombre,
5016,Hombre,
5019,Hombre,
5020,Hombre,
5022,Hombre,
5026,Hombre,
5027,Hombre,
5028,Lugar/Ciudad,
5031,Hombre,
5034,Hombre,
5037,Hombre,
5038,Hombre,
5039,Artes/Cultura,
5040,Hombre,
5043,Hombre,
5044,Hombre,
5045,Pais/Nación/Región,
5046,Hombre,
5049,Hombre,
5050,Hombre,
5052,Hombre,
5058,Hombre,
5061,Hombre,
5062,Flora,
5064,Hombre,
5065,Mujer,Cultura
5070,Lugar/Ciudad,
5071,Lugar/Ciudad,
5073,Pais/Nación/Región,
5076,Hombre,
5078,Hombre,
5079,Hombre,
5082,Lugar/Ciudad,
5083,Descriptivo,
5084,Descriptivo,
5085,Descriptivo,
5088,Fauna,
5091,Geográfico,
5093,Descriptivo,
5094,Hombre,
5095,Mujer,Pionera
5097,Lugar/Ciudad,
5098,Descriptivo,
5099,Descriptivo,
5100,Geográfico,
5101,Fauna,
5102,Otro,
5103,Descriptivo,
5104,Hombre,
5105,Hombre,
5106,Lugar/Ciudad,
5107,Hombre,
5108,Descriptivo,
5109,Histórico,
5110,Descriptivo,
5111,Otro,
5112,Lugar/Ciudad,
5113,Otro,
5114,Otro,
5115,Pais/Nación/Región,
5116,Fauna,
5117,Artes/Cultura,
5118,Pais/Nación/Región,
5119,Descriptivo,
5120,Otro,
5121,Flora,
5122,Descriptivo,
5123,Fauna,
5124,Geográfico,
5125,Fauna,
5126,Artes/Cultura,
5127,Lugar/Ciudad,
5128,Descriptivo,
5129,Descriptivo,
5130,Lugar/Ciudad,
5132,Descriptivo,
5134,Hombre,
5135,Descriptivo,
5136,Lugar/Ciudad,
5137,Descriptivo,
5138,Descriptivo,
5139,Mujer,Cultura
5140,Hombre,
5141,Hombre,
5142,Descriptivo,
5143,Descriptivo,
5144,Descriptivo,
5145,Descriptivo,
5146,Hombre,
5147,Hombre,
5148,Histórico,
5149,Descriptivo,
5150,Descriptivo,
5151,Descriptivo,
5152,Descriptivo,
5153,Descriptivo,
5154,Hombre,
5155,Hombre,
5156,Fauna,
5157,Flora,
5158,Descriptivo,
5159,Otro,
5160,Otro,
5161,Descriptivo,
5162,Descriptivo,
5163,Hombre,
5164,Otro,
5165,Artes/Cultura,
5166,Descriptivo,
5167,Descriptivo,
5169,Descriptivo,
5170,Histórico,
5171,Descriptivo,
5172,Descriptivo,
5173,Flora,
5174,Flora,
5175,Descriptivo,
5176,Pais/Nación/Región,
5177,Descriptivo,
5178,Descriptivo,
5179,Descriptivo,
5180,Histórico,
5181,Descriptivo,
5182,Descriptivo,
5183,Flora,
5184,Fauna,
5185,Pais/Nación/Región,
5186,Lugar/Ciudad,
5187,Descriptivo,
5188,Descriptivo,
5189,Hombre,
5190,Familia,
5191,Flora,
5192,Flora,
5193,Otro,
5195,Flora,
5196,Flora,
5197,Lugar/Ciudad,
5198,Geográfico,
5199,Descriptivo,
5200,Descriptivo,
5201,Hombre,
5202,Geográfico,
5203,Familia,
5204,Descriptivo,
5205,Descriptivo,
5206,Descriptivo,
5207,Lugar/Ciudad,
5208,Descriptivo,
5209,Descriptivo,
5210,Descriptivo,
5211,Descriptivo,
5212,Lugar/Ciudad,
5213,Pais/Nación/Región,
5214,Artes/Cultura,
5215,Descriptivo,
5217,Descriptivo,
5218,Descriptivo,
5219,Flora,
5220,Descriptivo,
5221,Descriptivo,
5222,Descriptivo,
5223,Descriptivo,
5224,Descriptivo,
5225,Descriptivo,
5226,Descriptivo,
5227,Descriptivo,
5228,Descriptivo,
5229,Descriptivo,
5230,Descriptivo,
5231,Descriptivo,
5232,Descriptivo,
5233,Descriptivo,
5234,Descriptivo,
5235,Descriptivo,
5236,Descriptivo,
5237,Hombre,
5238,Descriptivo,
5239,Mujer,Cultura
5240,Descriptivo,
5241,Descriptivo,
5242,Descriptivo,
5243,Flora,
5244,Descriptivo,
5245,Descriptivo,
5246,Flora,
5247,Descriptivo,
5248,Hombre,
5249,Descriptivo,
5250,Descriptivo,
5251,Hombre,
5252,Descriptivo,
5253,Descriptivo,
5254,Hombre,
5255,Descriptivo,
5256,Descriptivo,
5257,Lugar/Ciudad,
5258,Descriptivo,
5259,Descriptivo,
5260,Descriptivo,
5261,Hombre,
5262,Hombre,
5264,Descriptivo,
5265,Geográfico,
5266,Fauna,
5267,Fauna,
5268,Hombre,
5269,Descriptivo,
5270,Descriptivo,
5271,Histórico,
5272,Descriptivo,
5273,Descriptivo,
5274,Pais/Nación/Región,
5275,Descriptivo,
5276,Descriptivo,
5277,Otro,
5278,Flora,
5279,Descriptivo,
5280,Artes/Cultura,
5281,Descriptivo,
5282,Descriptivo,
5283,Histórico,
5284,Descriptivo,
5285,Descriptivo,
5286,Histórico,
5287,Descriptivo,
5288,Descriptivo,
5289,Histórico,
5290,Hombre,
5291,Hombre,
5292,Hombre,
5293,Hombre,
5294,Descriptivo,
5295,Hombre,
5296,Geográfico,
5297,Descriptivo,
5298,Lugar/Ciudad,
5299,Descriptivo,
5300,Descriptivo,
5301,Pais/Nación/Región,
5302,Descriptivo,
5303,Descriptivo,
5304,Pais/Nación/Región,
5305,Descriptivo,
5306,Descriptivo,
5307,Hombre,
5308,Descriptivo,
5309,Descriptivo,
5310,Lugar/Ciudad,
5311,Descriptivo,
5312,Descriptivo,
5313,Descriptivo,
5314,Descriptivo,
5315,Hombre,
5316,Hombre,
5317,Descriptivo,
5318,Descriptivo,
5319,Lugar/Ciudad,
5320,Descriptivo,
5321,Descriptivo,
5322,Descriptivo,
5323,Descriptivo,
5324,Descriptivo,
5325,Hombre,
5326,Descriptivo,
5327,Descriptivo,
5328,Descriptivo,
5329,Otro,
5330,Histórico,
5331,Hombre,
5332,Artes/Cultura,
5333,Histórico,
5334,Hombre,
5335,Artes/Cultura,
5336,Otro,
5337,Hombre,
5338,Descriptivo,
5339,Hombre,
5340,Hombre,
5341,Descriptivo,
5342,Hombre,
5343,Histórico,
5344,Hombre,
5345,Hombre,
5346,Hombre,
5347,Hombre,
5349,Hombre,
5350,Hombre,
5351,Hombre,
5352,Hombre,
5353,Hombre,
5354,Hombre,
5355,Hombre,
5356,Flora,
5357,Flora,
5358,Hombre,
5360,Hombre,
5361,Hombre,
5362,Hombre,
5363,Mujer,Educación
5364,Hombre,
5365,Hombre,
5366,Hombre,
5367,Hombre,
5368,Hombre,
5369,Hombre,
5370,Hombre,
5371,Descriptivo,
5372,Hombre,
5373,Descriptivo,
5374,Descriptivo,
5375,Hombre,
5376,Descriptivo,
5377,Descriptivo,
5378,Descriptivo,
5379,Descriptivo,
5380,Descriptivo,
5381,Descriptivo,
5382,Hombre,
5383,Descriptivo,
5388,Hombre,
5390,Hombre,
5391,Hombre,
5394,Hombre,
5395,Hombre,
5396,Hombre,
5397,Hombre,
5398,Hombre,
5399,Otro,
5400,Histórico,
5403,Pais/Nación/Región,
5406,Histórico,
5407,Astronómico,
5409,Otro,
5412,Lugar/Ciudad,
5415,Pais/Nación/Región,
5416,Descriptivo,
5418,Pais/Nación/Región,
5424,Pais/Nación/Región,
5427,Lugar/Ciudad,
5430,Hombre,
5433,Hombre,
5436,Geográfico,
5439,Lugar/Ciudad,
5441,Hombre,
5442,Hombre,
5445,Hombre,
5448,Hombre,
5450,Fauna,
5451,Hombre,
5453,Mujer,Emprendedora
5454,Hombre,
5458,Descriptivo,
5459,Hombre,
5460,Hombre,
5463,Hombre,
5465,Hombre,
5466,Hombre,
5469,Histórico,
5470,Geográfico,
5472,Histórico,
5473,Hombre,
5474,Hombre,
5475,Histórico,
5476,Pais/Nación/Región,
5477,Hombre,
5478,Descriptivo,
5479,Descriptivo,
5480,Descriptivo,
5481,Hombre,
5482,Descriptivo,
5483,Descriptivo,
5484,Lugar/Ciudad,
5485,Otro,
5486,Descriptivo,
5487,Geográfico,
5489,Descriptivo,
5490,Hombre,
5491,Descriptivo,
5492,Descriptivo,
5493,Mujer,Heroína
5494,Descriptivo,
5495,Descriptivo,
5496,Hombre,
5499,Hombre,
5502,Hombre,
5505,Histórico,
5507,Mujer,Cultura
5508,Geográfico,
5509,Mujer,Filántropa
5510,Hombre,
5511,Hombre,
5512,Hombre,
5514,Geográfico,
5517,Histórico,
5520,Fauna,
5522,Hombre,
5523,Lugar/Ciudad,
5525,Histórico,
5526,Geográfico,
5527,Astronómico,
5528,Descriptivo,
5529,Hombre,
5530,Flora,
5531,Hombre,
5532,Hombre,
5533,Hombre,
5534,Descriptivo,
5535,Hombre,
5536,Descriptivo,
5537,Flora,
5538,Hombre,
5539,Descriptivo,
5540,Descriptivo,
5541,Pais/Nación/Región,
5542,Hombre,
5543,Descriptivo,
5544,Hombre,
5545,Descriptivo,
5546,Otro,
5547,Descriptivo,
5548,Descriptivo,
5549,Descriptivo,
5550,Hombre,
5551,Hombre,
5552,Descriptivo,
5553,Hombre,
5554,Descriptivo,
5555,Descriptivo,
5556,Hombre,
5557,Descriptivo,
5558,Flora,
5559,Descriptivo,
5560,Mujer,Pionera
5561,Hombre,
5562,Hombre,
5563,Descriptivo,
5564,Descriptivo,
5565,Descriptivo,
5566,Hombre,
5567,Hombre,
5568,Hombre,
5569,Hombre,
5570,Hombre,
5571,Hombre,
5572,Descriptivo,
5573,Descriptivo,
5574,Lugar/Ciudad,
5575,Descriptivo,
5576,Hombre,
5577,Geográfico,
5578,Descriptivo,
5579,Descriptivo,
5580,Descriptivo,
5581,Hombre,
5584,Hombre,
5585,Descriptivo,
5586,Hombre,
5587,Hombre,
5588,Hombre,
5589,Hombre,
5590,Hombre,
5591,Astronómico,
5592,Hombre,
5594,Hombre,
5595,Pais/Nación/Región,
5598,Geográfico,
5600,Astronómico,
5601,Histórico,
5603,Hombre,
5604,Hombre,
5605,Hombre,
5607,Hombre,
5609,Hombre,
5610,Hombre,
5611,Hombre,
5613,Hombre,
5616,Hombre,
5617,Otro,
5619,Hombre,
5622,Lugar/Ciudad,
5623,Geográfico,
5624,Lugar/Ciudad,
5625,Hombre,
5626,Hombre,
5628,Pais/Nación/Región,
5629,Hombre,
5631,Hombre,
5637,Hombre,
5638,Hombre,
5640,Lugar/Ciudad,
5642,Hombre,
5643,Lugar/Ciudad,
5646,Hombre,
5650,Lugar/Ciudad,
5652,Hombre,
5656,Hombre,
5658,Hombre,
5661,Hombre,
5665,Hombre,
5667,Hombre,
5668,Hombre,
5670,Otro,
5673,Hombre,
5676,Hombre,Ficción
5677,Familia,
5682,Hombre,
5686,Descriptivo,
5691,Hombre,
5695,Astronómico,
5696,Descriptivo,
5697,Hombre,
5698,Descriptivo,
5699,Descriptivo,
5700,Otro,
5701,Otro,
5702,Descriptivo,
5703,Hombre,
5704,Descriptivo,
5705,Descriptivo,
5706,Hombre,
5707,Descriptivo,
5708,Descriptivo,
5709,Artes/Cultura,
5710,Hombre,
5711,Hombre,
5712,Descriptivo,
5713,Descriptivo,
5714,Descriptivo,
5715,Pais/Nación/Región,
5716,Hombre,
5718,Hombre,
5719,Descriptivo,
5720,Lugar/Ciudad,
5721,Hombre,
5722,Hombre,
5723,Descriptivo,
5725,Histórico,
5727,Hombre,
5728,Descriptivo,
5729,Descriptivo,
5730,Geográfico,
5731,Lugar/Ciudad,
5732,Lugar/Ciudad,
5733,Lugar/Ciudad,
5735,Hombre,
5736,Hombre,
5738,Hombre,
5739,Histórico,
5740,Descriptivo,
5748,Hombre,
5754,Geográfico,
5764,Hombre,
5772,Hombre,
5774,Hombre,
5775,Hombre,
5778,Geográfico,
5781,Histórico,
5782,Pais/Nación/Región,
5784,Lugar/Ciudad,
5785,Geográfico,
5790,Hombre,
5792,Hombre,
5793,Hombre,
5796,Pais/Nación/Región,
5799,Geográfico,
5802,Geográfico,
5805,Hombre,
5806,Hombre,
5808,Hombre,Ficción
5810,Flora,
5811,Hombre,
5812,Hombre,
5814,Hombre,
5817,Hombre,
5818,Artes/Cultura,
5819,Histórico,
5820,Lugar/Ciudad,
5823,Hombre,
5827,Hombre,
5829,Hombre,
5830,Hombre,
5831,Histórico,
5832,Hombre,
5835,Hombre,
5838,Histórico,
5839,Hombre,
5841,Hombre,
5850,Hombre,
5853,Hombre,
5855,Hombre,
5856,Geográfico,
5857,Descriptivo,
5858,Descriptivo,
5859,Hombre,
5862,Hombre,
5865,Hombre,
5868,Hombre,
5871,Hombre,
5874,Hombre,
5876,Hombre,
5877,Lugar/Ciudad,
5878,Hombre,
5879,Hombre,
5880,Otro,
5881,Hombre,
5883,Hombre,
5886,Histórico,
5889,Lugar/Ciudad,
5892,Descriptivo,
5895,Hombre,
5898,Histórico,
5901,Hombre,
5903,Hombre,
5904,Hombre,
5905,Hombre,
5907,Hombre,
5910,Lugar/Ciudad,
5912,Hombre,
5913,Hombre,
5915,Hombre,
5916,Hombre,Ficción
5917,Hombre,
5918,Hombre,
5919,Otro,
5922,Familia,
5925,Otro,
5926,Pais/Nación/Región,
5927,Pais/Nación/Región,
5928,Geográfico,
5934,Hombre,
5935,Hombre,
5937,Histórico,
5940,Lugar/Ciudad,
5943,Geográfico,
5946,Hombre,
5949,Hombre,
5952,Histórico,
5955,Histórico,
5956,Flora,
5958,Hombre,
5959,Hombre,
5961,Lugar/Ciudad,
5963,Hombre,
5964,Hombre,
5967,Lugar/Ciudad,
5968,Hombre,
5970,Pais/Nación/Región,
5973,Hombre,
5976,Hombre,
5979,Hombre,
5980,Hombre,
5982,Pais/Nación/Región,
5985,Hombre,
5988,Histórico,
5990,Astronómico,
5991,Geográfico,
5994,Hombre,
5995,Hombre,
5996,Familia,
5997,Hombre,
6000,Hombre,
6003,Geográfico,
6004,Lugar/Ciudad,
6006,Pais/Nación/Región,
6009,Geográfico,
6012,Geográfico,
6015,Pais/Nación/Región,
6018,Hombre,
6024,Hombre,
6027,Hombre,
6030,Hombre,
6033,Hombre,
6036,Hombre,
6039,Hombre,
6042,Hombre,
6045,Hombre,
6048,Hombre,
6051,Hombre,
6057,Hombre,
6060,Mujer,Madre/Esposa/Hija
6066,Hombre,
6067,Mujer,Política
6069,Hombre,
6074,Hombre,
6075,Pais/Nación/Región,
6078,Geográfico,
6081,Hombre,
6084,Hombre,
6085,Hombre,
6086,Hombre,
6087,Hombre,
6089,Hombre,
6090,Hombre,
6091,Hombre,
6092,Hombre,
6093,Hombre,
6095,Hombre,
6096,Hombre,
6097,Hombre,
6098,Hombre,
6099,Hombre,
6102,Hombre,
6105,Hombre,
6106,Hombre,
6108,Hombre,
6111,Hombre,
6113,Hombre,
6114,Hombre,
6116,Hombre,
6120,Hombre,
6123,Lugar/Ciudad,
6126,Hombre,
6129,Hombre,
6135,Hombre,
6138,Hombre,
6140,Fauna,
6141,Hombre,
6144,Hombre,
6147,Hombre,
6148,Descriptivo,
6153,Lugar/Ciudad,
6154,Hombre,
6155,Flora,
6156,Hombre,
6158,Lugar/Ciudad,
6162,Hombre,
6163,Hombre,
6164,Hombre,
6165,Hombre,
6166,Mujer,Cultura
6168,Mujer,Filántropa
6170,Hombre,
6171,Hombre,
6174,Hombre,
6177,Hombre,
6180,Hombre,
6182,Mujer,Filántropa
6183,Hombre,
6185,Mujer,Filántropa
6186,Hombre,
6187,Hombre,
6188,Pais/Nación/Región,
6189,Hombre,
6190,Hombre,
6191,Hombre,
6192,Hombre,
6193,Hombre,
6194,Hombre,
6195,Pais/Nación/Región,
6196,Descriptivo,
6197,Hombre,
6198,Hombre,
6199,Mujer,Falta información
6200,Hombre,
6201,Hombre,
6202,Hombre,
6203,Hombre,
6204,Hombre,
6207,Hombre,
6210,Hombre,
6213,Hombre,
6216,Hombre,
6219,Astronómico,
6222,Hombre,
6225,Geográfico,
6226,Hombre,
6230,Hombre,
6231,Hombre,
6232,Hombre,
6233,Hombre,
6234,Lugar/Ciudad,
6237,Hombre,
6240,Lugar/Ciudad,
6242,Hombre,
6243,Hombre,
6246,Lugar/Ciudad,
6247,Lugar/Ciudad,
6249,Hombre,
6252,Pais/Nación/Región,
6255,Hombre,
6256,Flora,
6258,Pais/Nación/Región,
6267,Hombre,
6268,Mujer,Heroína
6270,Hombre,
6273,Hombre,
6276,Hombre,
6279,Geográfico,
6282,Lugar/Ciudad,
6285,Lugar/Ciudad,
6288,Hombre,
6291,Geográfico,
6294,Lugar/Ciudad,
6297,Hombre,
6300,Histórico,
6301,Hombre,
6303,Pais/Nación/Región,
6306,Lugar/Ciudad,
6309,Lugar/Ciudad,
6312,Lugar/Ciudad,
6315,Hombre,
6316,Hombre,
6318,Lugar/Ciudad,
6321,Histórico,
6324,Lugar/Ciudad,
6327,Lugar/Ciudad,
6330,Lugar/Ciudad,
6333,Histórico,
6336,Lugar/Ciudad,
6339,Hombre,
6342,Hombre,
6343,Histórico,
6344,Hombre,
6345,Hombre,Ficción
6350,Hombre,
6351,Hombre,
6357,Histórico,
6358,Pais/Nación/Región,
6359,Lugar/Ciudad,
6360,Pais/Nación/Región,
6363,Geográfico,
6366,Histórico,
6369,Lugar/Ciudad,
6372,Otro,
6375,Lugar/Ciudad,
6378,Hombre,
6381,Histórico,
6384,Hombre,
6387,Histórico,
6389,Hombre,
6390,Hombre,
6393,Hombre,
6395,Hombre,
6399,Hombre,
6402,Hombre,
6405,Hombre,
6408,Hombre,
6411,Histórico,
6413,Hombre,
6414,Hombre,
6416,Descriptivo,
6417,Descriptivo,
6418,Descriptivo,
6419,Descriptivo,
6420,Descriptivo,
6421,Descriptivo,
6422,Descriptivo,
6423,Descriptivo,
6424,Descriptivo,
6425,Descriptivo,
6426,Hombre,
6429,Hombre,
6432,Histórico,
6433,Flora,
6434,Astronómico,
6435,Hombre,
6438,Hombre,
6440,Hombre,
6441,Hombre,
6444,Hombre,
6447,Hombre,
6450,Hombre,
6453,Hombre,
6459,Hombre,
6460,Hombre,
6462,Hombre,
6463,Hombre,
6465,Lugar/Ciudad,
6466,Descriptivo,
6468,Mujer,Filántropa
6469,Hombre,
6470,Hombre,
6471,Lugar/Ciudad,
6472,Hombre,
6473,Descriptivo,
6474,Lugar/Ciudad,
6475,Descriptivo,
6476,Descriptivo,
6477,Hombre,
6478,Mujer,Ficción
6479,Hombre,
6480,Geográfico,
6481,Descriptivo,
6482,Descriptivo,
6483,Hombre,
6484,Descriptivo,
6485,Descriptivo,
6486,Descriptivo,
6487,Descriptivo,
6488,Descriptivo,
6489,Descriptivo,
6490,Descriptivo,
6491,Mujer,Pionera
6492,Descriptivo,
6493,Descriptivo,
6494,Descriptivo,
6495,Descriptivo,
6496,Descriptivo,
6497,Descriptivo,
6498,Descriptivo,
6499,Descriptivo,
6500,Descriptivo,
6501,Descriptivo,
6502,Descriptivo,
6503,Descriptivo,
6504,Descriptivo,
6505,Descriptivo,
6506,Descriptivo,
6507,Descriptivo,
6508,Descriptivo,
6509,Descriptivo,
6510,Descriptivo,
6511,Descriptivo,
6512,Descriptivo,
6513,Descriptivo,
6514,Hombre,
6515,Descriptivo,
6516,Descriptivo,
6517,Descriptivo,
6518,Descriptivo,
6519,Descriptivo,
6520,Descriptivo,
6521,Descriptivo,
6522,Descriptivo,
6523,Descriptivo,
6524,Descriptivo,
6525,Descriptivo,
6526,Hombre,
6527,Pais/Nación/Región,
6528,Familia,
6529,Descriptivo,
6530,Descriptivo,
6531,Pais/Nación/Región,
6532,Descriptivo,
6533,Descriptivo,
6534,Descriptivo,
6535,Descriptivo,
6536,Mujer,Cultura
6537,Hombre,
6538,Descriptivo,
6539,Descriptivo,
6540,Hombre,
6541,Descriptivo,
6542,Descriptivo,
6543,Descriptivo,
6544,Descriptivo,
6545,Hombre,
6546,Lugar/Ciudad,
6547,Descriptivo,
6548,Descriptivo,
6549,Hombre,
6550,Descriptivo,
6551,Descriptivo,
6552,Hombre,
6553,Descriptivo,
6554,Descriptivo,
6555,Descriptivo,
6556,Descriptivo,
6557,Pais/Nación/Región,
6558,Lugar/Ciudad,
6559,Descriptivo,
6560,Descriptivo,
6561,Descriptivo,
6562,Descriptivo,
6563,Pais/Nación/Región,
6564,Descriptivo,
6565,Descriptivo,
6566,Descriptivo,
6567,Descriptivo,
6568,Descriptivo,
6569,Descriptivo,
6570,Hombre,
6571,Mujer,Cultura
6572,Hombre,
6573,Hombre,
6574,Descriptivo,
6575,Descriptivo,
6576,Descriptivo,
6577,Descriptivo,
6578,Descriptivo,
6579,Hombre,
6580,Descriptivo,
6581,Descriptivo,
6582,Pais/Nación/Región,
6583,Descriptivo,
6584,Descriptivo,
6585,Lugar/Ciudad,
6586,Descriptivo,
6587,Descriptivo,
6588,Pais/Nación/Región,
6589,Descriptivo,
6590,Descriptivo,
6591,Hombre,
6592,Hombre,
6593,Descriptivo,
6594,Artes/Cultura,
6595,Pais/Nación/Región,
6596,Descriptivo,
6597,Hombre,
6598,Hombre,
6599,Descriptivo,
6600,Hombre,
6601,Descriptivo,
6602,Mujer,Cultura
6603,Descriptivo,
6604,Descriptivo,
6605,Hombre,
6606,Artes/Cultura,
6607,Lugar/Ciudad,
6608,Descriptivo,
6609,Hombre,
6610,Hombre,
6612,Lugar/Ciudad,
6613,Hombre,
6614,Hombre,
6615,Hombre,
6616,Descriptivo,
6617,Descriptivo,
6618,Histórico,
6619,Descriptivo,
6620,Descriptivo,
6621,Geográfico,
6622,Descriptivo,
6624,Lugar/Ciudad,
6627,Pais/Nación/Región,
6633,Hombre,
6634,Familia,
6636,Hombre,
6638,Hombre,
6639,Hombre,
6640,Hombre,
6642,Hombre,
6644,Hombre,
6645,Hombre,
6646,Hombre,
6647,Hombre,
6648,Hombre,
6649,Hombre,
6651,Hombre,
6654,Hombre,
6660,Hombre,
6662,Artes/Cultura,
6663,Lugar/Ciudad,
6664,Mujer,Cultura
6665,Hombre,
6666,Descriptivo,
6669,Hombre,
6672,Hombre,
6675,Hombre,
6678,Hombre,
6681,Lugar/Ciudad,
6683,Hombre,
6684,Pais/Nación/Región,
6685,Descriptivo,
6687,Histórico,
6688,Descriptivo,
6690,Pais/Nación/Región,
6694,Pais/Nación/Región,
6696,Astronómico,
6699,Histórico,
6701,Hombre,
6702,Artes/Cultura,
6704,Hombre,
6705,Mujer,Filántropa
6706,Fauna,
6708,Hombre,
6714,Hombre,
6717,Hombre,
6720,Lugar/Ciudad,
6723,Artes/Cultura,
6724,Hombre,
6725,Hombre,
6726,Mujer,Ficción
6729,Histórico,
6732,Hombre,
6735,Hombre,
6738,Histórico,
6741,Hombre,
6744,Pais/Nación/Región,
6747,Geográfico,
6750,Pais/Nación/Región,
6753,Otro,
6756,Geográfico,
6759,Hombre,
6762,Hombre,
6768,Mujer,Cultura
6769,Artes/Cultura,
6770,Artes/Cultura,
6771,Lugar/Ciudad,
6772,Geográfico,
6773,Familia,
6774,Geográfico,
6775,Geográfico,
6776,Hombre,
6777,Geográfico,
6780,Lugar/Ciudad,
6783,Geográfico,
6786,Lugar/Ciudad,
6789,Pais/Nación/Región,
6790,Fauna,
6792,Hombre,
6795,Lugar/Ciudad,
6796,Hombre,
6798,Hombre,
6801,Astronómico,
6802,Astronómico,
6804,Hombre,
6807,Lugar/Ciudad,
6810,Hombre,
6813,Pais/Nación/Región,
6816,Hombre,
6822,Hombre,
6825,Artes/Cultura,
6828,Hombre,
6831,Histórico,
6834,Hombre,
6835,Hombre,
6840,Hombre,
6843,Hombre,Ficción
6846,Lugar/Ciudad,
6849,Pais/Nación/Región,
6850,Hombre,
6851,Mujer,Cultura
6852,Hombre,
6855,Hombre,
6858,Hombre,
6864,Hombre,
6867,Geográfico,
6870,Lugar/Ciudad,
6871,Hombre,
6873,Geográfico,
6874,Descriptivo,
6876,Hombre,
6879,Flora,
6882,Pais/Nación/Región,
6884,Artes/Cultura,
6885,Geográfico,
6888,Pais/Nación/Región,
6891,Lugar/Ciudad,
6892,Lugar/Ciudad,
6894,Hombre,
6895,Geográfico,
6896,Otro,
6900,Hombre,
6901,Flora,
6902,Hombre,
6903,Lugar/Ciudad,
6904,Otro,
6905,Descriptivo,
6906,Hombre,
6907,Lugar/Ciudad,
6908,Otro,
6909,Descriptivo,
6910,Otro,
6911,Descriptivo,
6912,Hombre,
6913,Hombre,
6914,Descriptivo,
6915,Hombre,
6916,Descriptivo,
6917,Descriptivo,
6918,Hombre,
6919,Descriptivo,
6920,Descriptivo,
6921,Hombre,
6922,Flora,
6924,Flora,
6927,Otro,
6928,Familia,
6930,Geográfico,
6932,Descriptivo,
6933,Hombre,
6934,Hombre,
6935,Descriptivo,
6936,Hombre,
6940,Hombre,
6942,Flora,
6945,Lugar/Ciudad,
6948,Histórico,
6951,Familia,
6952,Hombre,
6954,Lugar/Ciudad,
6957,Lugar/Ciudad,
6960,Otro,
6963,Hombre,
6967,Artes/Cultura,
6968,Artes/Cultura,
6969,Descriptivo,
6970,Flora,
6975,Hombre,
6981,Hombre,
6984,Lugar/Ciudad,
6990,Hombre,
6993,Lugar/Ciudad,
6996,Artes/Cultura,
6999,Geográfico,
7002,Hombre,
7005,Lugar/Ciudad,
7008,Pais/Nación/Región,
7011,Flora,
7014,Lugar/Ciudad,
7017,Hombre,
7019,Hombre,
7020,Otro,
7021,Pais/Nación/Región,
7022,Hombre,Ficción
7023,Pais/Nación/Región,
7024,Hombre,
7025,Otro,
7029,Astronómico,
7030,Astronómico,
7032,Lugar/Ciudad,
7034,Hombre,
7035,Hombre,
7038,Hombre,
7041,Hombre,
7044,Geográfico,
7050,Lugar/Ciudad,
7051,Descriptivo,
7052,Flora,
7056,Lugar/Ciudad,
7058,Flora,
7059,Fauna,
7060,Hombre,
7062,Lugar/Ciudad,
7065,Hombre,
7068,Hombre,
7074,Hombre,
7077,Hombre,
7080,Hombre,
7083,Lugar/Ciudad,
7086,Hombre,
7089,Lugar/Ciudad,
7091,Hombre,
7092,Hombre,
7095,Geográfico,
7098,Lugar/Ciudad,
7101,Lugar/Ciudad,
7104,Geográfico,
7107,Hombre,
7108,Hombre,
7110,Hombre,
7119,Hombre,
7122,Hombre,
7123,Descriptivo,
7124,Familia,
7125,Hombre,
7126,Lugar/Ciudad,
7127,Hombre,
7128,Pais/Nación/Región,
7129,Hombre,
7130,Mujer,Cultura
7131,Familia,
7132,Hombre,
7133,Descriptivo,
7134,Hombre,
7135,Descriptivo,
7136,Descriptivo,
7137,Descriptivo,
7138,Descriptivo,
7139,Descriptivo,
7140,Hombre,
7141,Descriptivo,
7143,Hombre,
7144,Descriptivo,
7145,Descriptivo,
7146,Hombre,
7147,Descriptivo,
7148,Hombre,
7149,Hombre,
7150,Hombre,
7151,Hombre,
7152,Hombre,
7153,Hombre,
7154,Descriptivo,
7155,Hombre,
7158,Hombre,
7161,Hombre,
7164,Hombre,
7167,Hombre,
7170,Hombre,
7172,Hombre,
7173,Hombre,
7176,Lugar/Ciudad,
7177,Hombre,
7179,Lugar/Ciudad,
7182,Lugar/Ciudad,
7185,Pais/Nación/Región,
7187,Hombre,
7188,Familia,
7189,Astronómico,
7191,Hombre,
7194,Histórico,
7197,Otro,
7200,Hombre,
7203,Hombre,
7204,Hombre,
7205,Hombre,
7206,Lugar/Ciudad,
7209,Lugar/Ciudad,
7212,Hombre,
7215,Hombre,
7216,Descriptivo,
7217,Descriptivo,
7218,Descriptivo,
7219,Descriptivo,
7220,Descriptivo,
7221,Hombre,
7222,Descriptivo,
7224,Hombre,
7227,Hombre,
7229,Hombre,
7230,Hombre,
7231,Hombre,
7233,Lugar/Ciudad,
7239,Hombre,
7245,Hombre,
7248,Hombre,
7251,Hombre,
7253,Hombre,
7254,Hombre,
7257,Hombre,
7260,Hombre,
7263,Hombre,
7266,Hombre,
7268,Hombre,
7269,Hombre,
7272,Hombre,
7278,Histórico,
7281,Lugar/Ciudad,
7283,Mujer,Educación
7284,Hombre,
7287,Hombre,
7290,Geográfico,
7292,Hombre,
7293,Hombre,
7296,Hombre,
7299,Lugar/Ciudad,
7302,Hombre,
7305,Hombre,
7308,Hombre,
7310,Hombre,
7314,Hombre,
7317,Hombre,
7320,Hombre,
7322,Descriptivo,
7323,Geográfico,
7326,Hombre,
7329,Hombre,
7332,Hombre,
7335,Hombre,
7336,Astronómico,
7338,Descriptivo,
7339,Mujer,Educación
7341,Hombre,
7344,Lugar/Ciudad,
7347,Hombre,
7348,Mujer,Educación
7350,Pais/Nación/Región,
7352,Hombre,
7353,Hombre,
7354,Hombre,
7356,Histórico,
7357,Hombre,
7359,Hombre,
7362,Hombre,
7365,Histórico,
7368,Hombre,
7371,Hombre,
7376,Hombre,
7377,Hombre,
7380,Hombre,
7382,Hombre,
7383,Hombre,
7389,Geográfico,
7392,Geográfico,
7395,Geográfico,
7398,Histórico,
7404,Geográfico,
7407,Geográfico,
7409,Hombre,
7410,Hombre,
7411,Hombre,
7413,Lugar/Ciudad,
7415,Flora,
7416,Pais/Nación/Región,
7419,Hombre,
7425,Hombre,
7428,Geográfico,
7429,Flora,
7430,Hombre,
7431,Geográfico,
7433,Hombre,
7434,Artes/Cultura,
7443,Artes/Cultura,
7447,Pais/Nación/Región,
7449,Histórico,
7452,Pais/Nación/Región,
7455,Geográfico,
7458,Artes/Cultura,
7461,Hombre,
7462,Hombre,
7464,Lugar/Ciudad,
7466,Hombre,
7467,Histórico,
7470,Hombre,
7473,Hombre,
7478,Geográfico,
7479,Lugar/Ciudad,
7482,Hombre,
7485,Hombre,
7487,Otro,
7491,Otro,
7493,Hombre,
7494,Hombre,
7497,Hombre,
7500,Hombre,
7503,Hombre,
7506,Hombre,
7512,Hombre,
7515,Hombre,
7518,Hombre,
7521,Hombre,
7527,Hombre,
7530,Lugar/Ciudad,
7533,Histórico,
7536,Hombre,
7538,Hombre,
7539,Hombre,
7545,Otro,
7548,Histórico,
7551,Histórico,
7557,Hombre,
7558,Histórico,
7561,Hombre,
7563,Histórico,
7564,Histórico,
7565,Descriptivo,
7567,Mujer,Cultura
7569,Histórico,
7572,Histórico,
7575,Histórico,
7578,Histórico,
7581,Histórico,
7584,Hombre,
7587,Histórico,
7590,Descriptivo,
7591,Descriptivo,
7592,Hombre,
7593,Descriptivo,
7594,Flora,
7595,Descriptivo,
7596,Descriptivo,
7598,Descriptivo,
7599,Histórico,
7600,Descriptivo,
7602,Histórico,
7605,Histórico,
7608,Histórico,
7611,Histórico,
7614,Histórico,
7617,Histórico,
7618,Histórico,
7620,Histórico,
7623,Histórico,
7626,Descriptivo,
7629,Histórico,
7630,Histórico,
7632,Histórico,
7635,Histórico,
7641,Histórico,
7647,Mujer,Pionera
7653,Histórico,
7656,Histórico,
7659,Histórico,
7662,Histórico,
7663,Otro,
7665,Histórico,
7667,Descriptivo,
7668,Descriptivo,
7670,Descriptivo,
7672,Descriptivo,
7674,Descriptivo,
7675,Descriptivo,
7676,Descriptivo,
7677,Descriptivo,
7678,Descriptivo,
7679,Descriptivo,
7680,Descriptivo,
7681,Descriptivo,
7683,Descriptivo,
7685,Descriptivo,
7687,Descriptivo,
7689,Descriptivo,
7691,Descriptivo,
7693,Descriptivo,
7695,Descriptivo,
7696,Descriptivo,
7697,Descriptivo,
7698,Descriptivo,
7699,Descriptivo,
7700,Otro,
7701,Descriptivo,
7702,Descriptivo,
7703,Descriptivo,
7704,Descriptivo,
7705,Descriptivo,
7706,Descriptivo,
7707,Descriptivo,
7708,Descriptivo,
7709,Descriptivo,
7710,Descriptivo,
7711,Descriptivo,
7712,Descriptivo,
7713,Descriptivo,
7714,Descriptivo,
7715,Descriptivo,
7716,Descriptivo,
7717,Descriptivo,
7718,Descriptivo,
7719,Descriptivo,
7720,Descriptivo,
7721,Descriptivo,
7722,Descriptivo,
7723,Descriptivo,
7724,Descriptivo,
7725,Descriptivo,
7726,Descriptivo,
7727,Hombre,
7728,Hombre,
7729,Hombre,
7730,Hombre,
7731,Hombre,
7732,Hombre,
7733,Hombre,
7734,Hombre,
7735,Hombre,
7736,Descriptivo,
7737,Descriptivo,
7738,Descriptivo,
7739,Descriptivo,
7740,Lugar/Ciudad,
7741,Descriptivo,
7742,Descriptivo,
7743,Descriptivo,
7744,Descriptivo,
7745,Descriptivo,
7746,Descriptivo,
7747,Descriptivo,
7748,Descriptivo,
7749,Descriptivo,
7750,Descriptivo,
7751,Descriptivo,
7752,Descriptivo,
7753,Descriptivo,
7754,Descriptivo,
7755,Descriptivo,
7756,Descriptivo,
7757,Descriptivo,
7758,Descriptivo,
7759,Descriptivo,
7760,Descriptivo,
7761,Hombre,
7762,Hombre,
7763,Mujer,Cultura
7764,Descriptivo,
7766,Descriptivo,
7767,Descriptivo,
7768,Descriptivo,
7769,Descriptivo,
7770,Descriptivo,
7771,Hombre,
7772,Hombre,
7773,Hombre,
7774,Descriptivo,
7775,Descriptivo,
7776,Descriptivo,
7777,Descriptivo,
7778,Descriptivo,
7779,Descriptivo,
7780,Descriptivo,
7781,Descriptivo,
7782,Descriptivo,
7783,Descriptivo,
7784,Descriptivo,
7785,Descriptivo,
7786,Descriptivo,
7787,Descriptivo,
7788,Descriptivo,
7789,Descriptivo,
7790,Descriptivo,
7791,Descriptivo,
7792,Descriptivo,
7793,Descriptivo,
7794,Descriptivo,
7795,Descriptivo,
7796,Descriptivo,
7797,Descriptivo,
7798,Descriptivo,
7799,Descriptivo,
7800,Descriptivo,
7801,Otro,
7802,Otro,
7803,Otro,
7804,Fauna,
7805,Flora,
7806,Flora,
7807,Otro,
7808,Fauna,
7809,Geográfico,
7810,Flora,
7811,Hombre,
7812,Descriptivo,
7813,Descriptivo,
7814,Flora,
7815,Mujer,Fundadora
7816,Flora,
7817,Descriptivo,
7818,Hombre,
7819,Descriptivo,
7820,Descriptivo,
7821,Hombre,
7822,Hombre,
7823,Hombre,
7824,Hombre,
7825,Mujer,Cultura
7826,Hombre,
7827,Hombre,
7828,Descriptivo,
7829,Descriptivo,
7830,Descriptivo,
7831,Descriptivo,
7832,Descriptivo,
7833,Descriptivo,
7834,Descriptivo,
7835,Descriptivo,
7836,Descriptivo,
7837,Descriptivo,
7838,Descriptivo,
7839,Descriptivo,
7840,Descriptivo,
7841,Descriptivo,
7842,Descriptivo,
7843,Descriptivo,
7844,Descriptivo,
7845,Descriptivo,
7846,Descriptivo,
7847,Descriptivo,
7848,Descriptivo,
7849,Descriptivo,
7850,Descriptivo,
7851,Flora,
7852,Descriptivo,
7853,Otro,
7854,Artes/Cultura,
7855,Descriptivo,
7856,Descriptivo,
7857,Descriptivo,
7858,Descriptivo,
7859,Descriptivo,
7860,Descriptivo,
7861,Descriptivo,
7862,Descriptivo,
7863,Descriptivo,
7864,Descriptivo,
7866,Descriptivo,
7867,Hombre,
7868,Flora,
7869,Flora,
7870,Flora,
7871,Flora,
7872,Descriptivo,
7873,Descriptivo,
7874,Descriptivo,
7875,Descriptivo,
7876,Descriptivo,
7877,Descriptivo,
7878,Descriptivo,
7879,Histórico,
7880,Descriptivo,
7881,Otro,
7882,Otro,
7884,Otro,
7885,Descriptivo,
7886,Descriptivo,
7887,Descriptivo,
7888,Descriptivo,
7889,Descriptivo,
7890,Otro,
7891,Otro,
7892,Descriptivo,
7893,Descriptivo,
7894,Descriptivo,
7895,Hombre,
7896,Hombre,
7897,Hombre,
7898,Hombre,
7899,Hombre,
7900,Descriptivo,
7901,Descriptivo,
7902,Descriptivo,
7903,Hombre,
7904,Descriptivo,
7905,Descriptivo,
7906,Descriptivo,
7907,Descriptivo,
7908,Descriptivo,
7909,Hombre,
7910,Descriptivo,
7911,Lugar/Ciudad,
7912,Descriptivo,
7913,Descriptivo,
7914,Descriptivo,
7915,Descriptivo,
7916,Descriptivo,
7917,Descriptivo,
7918,Descriptivo,
7919,Descriptivo,
7920,Descriptivo,
7921,Descriptivo,
7922,Descriptivo,
7923,Lugar/Ciudad,
7924,Descriptivo,
7925,Descriptivo,
7926,Descriptivo,
7927,Descriptivo,
7928,Descriptivo,
7929,Descriptivo,
7930,Descriptivo,
7931,Descriptivo,
7932,Descriptivo,
7933,Descriptivo,
7934,Pais/Nación/Región,
7935,Descriptivo,
7936,Otro,
7937,Descriptivo,
7938,Descriptivo,
7939,Descriptivo,
7940,Descriptivo,
7941,Descriptivo,
7944,Descriptivo,
7945,Descriptivo,
7946,Descriptivo,
7947,Descriptivo,
7948,Descriptivo,
7949,Descriptivo,
7950,Descriptivo,
7951,Descriptivo,
7952,Descriptivo,
7953,Descriptivo,
7954,Descriptivo,
7955,Descriptivo,
7956,Descriptivo,
7957,Descriptivo,
7958,Descriptivo,
7959,Descriptivo,
7960,Descriptivo,
7961,Descriptivo,
7962,Descriptivo,
7963,Descriptivo,
7964,Descriptivo,
7965,Flora,
7966,Hombre,
7967,Descriptivo,
7968,Descriptivo,
7969,Pais/Nación/Región,
7970,Descriptivo,
7971,Otro,
7972,Descriptivo,
7973,Descriptivo,
7974,Otro,
7975,Histórico,
7976,Fauna,
7977,Hombre,
7978,Otro,
7979,Hombre,
7980,Descriptivo,
7981,Descriptivo,
7982,Descriptivo,
7983,Descriptivo,
7984,Descriptivo,
7985,Descriptivo,
7986,Hombre,
7987,Hombre,
7988,Hombre,
7989,Hombre,
7990,Descriptivo,
7991,Flora,
7992,Descriptivo,
7993,Artes/Cultura,
7994,Otro,
7995,Fauna,
7996,Otro,
7997,Descriptivo,
7998,Descriptivo,
7999,Descriptivo,
8000,Descriptivo,
8001,Descriptivo,
8002,Descriptivo,
8003,Hombre,
8004,Descriptivo,
8005,Descriptivo,
8006,Descriptivo,
8008,Descriptivo,
8009,Descriptivo,
8010,Descriptivo,
8011,Descriptivo,
8012,Hombre,
8013,Hombre,
8014,Descriptivo,
8015,Descriptivo,
8016,Descriptivo,
8017,Descriptivo,
8018,Descriptivo,
8019,Descriptivo,
8020,Hombre,
8021,Descriptivo,
8022,Descriptivo,
8023,Descriptivo,
8024,Descriptivo,
8025,Descriptivo,
8026,Descriptivo,
8027,Otro,
8028,Flora,
8029,Hombre,
8030,Descriptivo,
8031,Descriptivo,
8032,Descriptivo,
8033,Descriptivo,
8034,Descriptivo,
8035,Descriptivo,
8036,Descriptivo,
8037,Descriptivo,
8038,Descriptivo,
8039,Descriptivo,
8040,Descriptivo,
8041,Descriptivo,
8042,Descriptivo,
8043,Descriptivo,
8044,Descriptivo,
8045,Descriptivo,
8046,Descriptivo,
8047,Lugar/Ciudad,
8048,Descriptivo,
8049,Lugar/Ciudad,
8052,Hombre,
8053,Descriptivo,
8054,Descriptivo,
8055,Descriptivo,
8056,Descriptivo,
8058,Descriptivo,
8061,Descriptivo,
8062,Hombre,
8063,Descriptivo,
8065,Descriptivo,
8068,Descriptivo,
8069,Descriptivo,
8070,Descriptivo,
8071,Descriptivo,
8073,Descriptivo,
8074,Artes/Cultura,
8077,Descriptivo,
8078,Descriptivo,
8079,Descriptivo,
8080,Descriptivo,
8081,Descriptivo,
8082,Hombre,
8083,Descriptivo,
8084,Hombre,
8085,Descriptivo,
8086,Descriptivo,
8087,Descriptivo,
8088,Descriptivo,
8089,Descriptivo,
8090,Descriptivo,
8091,Descriptivo,
8092,Descriptivo,
8093,Descriptivo,
8095,Descriptivo,
8096,Descriptivo,
8097,Descriptivo,
8098,Descriptivo,
8099,Descriptivo,
8101,Histórico,
8102,Artes/Cultura,
8103,Histórico,
8104,Histórico,
8105,Histórico,
8106,Histórico,
8107,Descriptivo,
8108,Fauna,
8109,Histórico,
8110,Histórico,
8111,Histórico,
8112,Histórico,
8113,Pais/Nación/Región,
8114,Histórico,
8115,Fauna,
8116,Fauna,
8117,Fauna,
8118,Descriptivo,
8119,Descriptivo,
8120,Hombre,
8121,Descriptivo,
8122,Descriptivo,
8123,Descriptivo,
8125,Artes/Cultura,
8126,Artes/Cultura,
8127,Descriptivo,
8128,Descriptivo,
8129,Descriptivo,
8130,Descriptivo,
8134,Descriptivo,
8135,Descriptivo,
8137,Descriptivo,
8140,Hombre,
8141,Descriptivo,
8142,Descriptivo,
8143,Descriptivo,
8144,Descriptivo,
8145,Descriptivo,
8146,Descriptivo,
8147,Descriptivo,
8150,Descriptivo,
8151,Descriptivo,
8152,Descriptivo,
8153,Descriptivo,
8154,Descriptivo,
8155,Descriptivo,
8156,Descriptivo,
8157,Descriptivo,
8158,Descriptivo,
8159,Descriptivo,
8160,Descriptivo,
8161,Descriptivo,
8162,Descriptivo,
8163,Descriptivo,
8164,Descriptivo,
8165,Hombre,
8166,Descriptivo,
8167,Flora,
8168,Flora,
8169,Flora,
8170,Otro,
8171,Descriptivo,
8172,Descriptivo,
8173,Descriptivo,
8174,Descriptivo,
8175,Descriptivo,
8176,Descriptivo,
8177,Descriptivo,
8178,Descriptivo,
8179,Descriptivo,
8180,Descriptivo,
8181,Descriptivo,
8182,Descriptivo,
8183,Descriptivo,
8184,Descriptivo,
8185,Descriptivo,
8186,Descriptivo,
8187,Descriptivo,
8188,Descriptivo,
8189,Descriptivo,
8190,Descriptivo,
8191,Descriptivo,
8192,Descriptivo,
8193,Descriptivo,
8194,Descriptivo,
8195,Descriptivo,
8196,Descriptivo,
8197,Descriptivo,
8198,Descriptivo,
8204,Flora,
8208,Descriptivo,
8209,Descriptivo,
8210,Descriptivo,
8211,Descriptivo,
8212,Descriptivo,
8213,Descriptivo,
8214,Descriptivo,
8215,Hombre,
8216,Descriptivo,
8217,Flora,
8218,Otro,
8219,Histórico,
8220,Descriptivo,
8221,Flora,
8222,Descriptivo,
8223,Flora,
8224,Flora,
8225,Flora,
8226,Flora,
8227,Descriptivo,
8228,Hombre,
8229,Descriptivo,
8230,Hombre,
8231,Descriptivo,
8232,Hombre,
8233,Hombre,
8234,Hombre,
8235,Descriptivo,
8236,Hombre,
8237,Descriptivo,
8238,Hombre,
8239,Descriptivo,
8240,Descriptivo,
8241,Descriptivo,
8242,Descriptivo,
8243,Descriptivo,
8244,Descriptivo,
8245,Hombre,
8248,Descriptivo,
8251,Descriptivo,
8252,Hombre,
8253,Hombre,
8254,Mujer,Cultura
8255,Descriptivo,
8256,Descriptivo,
8257,Descriptivo,
8258,Descriptivo,
8260,Descriptivo,
8261,Descriptivo,
8262,Hombre,
8263,Descriptivo,
8264,Descriptivo,
8265,Descriptivo,
8266,Descriptivo,
8267,Descriptivo,
8268,Descriptivo,
8269,Descriptivo,
8270,Descriptivo,
8271,Descriptivo,
8272,Descriptivo,
8273,Descriptivo,
8274,Descriptivo,
8275,Descriptivo,
8276,Lugar/Ciudad,
8277,Descriptivo,
8278,Descriptivo,
8279,Histórico,
8280,Histórico,
8281,Lugar/Ciudad,
8282,Lugar/Ciudad,
8283,Hombre,
8284,Descriptivo,
8285,Descriptivo,
8286,Hombre,
8287,Descriptivo,
8288,Descriptivo,
8289,Hombre,
8290,Hombre,
8291,Descriptivo,
8292,Descriptivo,
8293,Descriptivo,
8294,Descriptivo,
8295,Descriptivo,
8296,Hombre,
8297,Descriptivo,
8298,Descriptivo,
8299,Descriptivo,
8300,Descriptivo,
8301,Mujer,Falta información
8302,Descriptivo,
8303,Descriptivo,
8304,Descriptivo,
8305,Descriptivo,
8306,Descriptivo,
8307,Descriptivo,
8308,Descriptivo,
8309,Descriptivo,
8310,Descriptivo,
8311,Descriptivo,
8312,Descriptivo,
8313,Descriptivo,
8314,Descriptivo,
8315,Descriptivo,
8316,Descriptivo,
8317,Descriptivo,
8318,Descriptivo,
8319,Hombre,
8320,Descriptivo,
8321,Descriptivo,
8322,Descriptivo,
8323,Descriptivo,
8324,Descriptivo,
8325,Descriptivo,
8326,Descriptivo,
8327,Descriptivo,
8328,Descriptivo,
8329,Descriptivo,
8330,Otro,
8331,Descriptivo,
8332,Descriptivo,
8333,Descriptivo,
8334,Otro,
8335,Descriptivo,
8336,Descriptivo,
8337,Descriptivo,
8338,Descriptivo,
8339,Descriptivo,
8340,Descriptivo,
8341,Descriptivo,
8342,Descriptivo,
8343,Descriptivo,
8344,Descriptivo,
8345,Descriptivo,
8346,Descriptivo,
8347,Descriptivo,
8348,Descriptivo,
8349,Artes/Cultura,
8350,Artes/Cultura,
8351,Hombre,
8352,Otro,
8353,Descriptivo,
8354,Descriptivo,
8355,Flora,
8356,Descriptivo,
8357,Descriptivo,
8358,Descriptivo,
8359,Descriptivo,
8360,Descriptivo,
8361,Descriptivo,
8362,Descriptivo,
8363,Descriptivo,
8364,Hombre,
8365,Hombre,
8366,Familia,
8367,Flora,
8368,Flora,
8369,Descriptivo,
8370,Descriptivo,
8371,Descriptivo,
8372,Descriptivo,
8373,Descriptivo,
8374,Descriptivo,
8375,Descriptivo,
8376,Descriptivo,
8377,Descriptivo,
8378,Descriptivo,
8379,Otro,
8380,Descriptivo,
8381,Descriptivo,
8382,Descriptivo,
8383,Descriptivo,
8384,Descriptivo,
8385,Histórico,
8386,Otro,
8387,Otro,
8388,Otro,
8389,Otro,
8390,Lugar/Ciudad,
8391,Otro,
8392,Flora,
8393,Flora,
8394,Flora,
8395,Flora,
8396,Flora,
8397,Flora,
8398,Flora,
8401,Hombre,
8402,Hombre,
8403,Hombre,
8404,Geográfico,
8405,Otro,
8406,Geográfico,
8407,Descriptivo,
8408,Descriptivo,
8409,Histórico,
8410,Descriptivo,
8411,Descriptivo,
8412,Mujer,Cultura
8413,Hombre,
8414,Hombre,
8415,Mujer,Cultura
8416,Hombre,
8417,Hombre,
8418,Descriptivo,
8420,Hombre,
8421,Descriptivo,
8423,Histórico,
8424,Histórico,
8425,Otro,
8426,Flora,
8427,Histórico,
8428,Hombre,
8429,Otro,
8430,Histórico,
8431,Histórico,
8432,Histórico,
8433,Histórico,
8434,Histórico,
8437,Histórico,
8438,Histórico,
8439,Histórico,
8440,Histórico,
8441,Histórico,
8442,Otro,
8443,Otro,
8444,Otro,
8445,Otro,
8446,Histórico,
8447,Histórico,
8448,Hombre,
8449,Descriptivo,
8450,Descriptivo,
8451,Descriptivo,
8453,Descriptivo,
8454,Histórico,
8455,Descriptivo,
8456,Histórico,
8457,Otro,
8458,Hombre,
8459,Artes/Cultura,
8460,Familia,
8461,Otro,
8462,Fauna,
8465,Pais/Nación/Región,
8467,Descriptivo,
8468,Descriptivo,
8469,Descriptivo,
8470,Descriptivo,
8471,Descriptivo,
8472,Descriptivo,
8473,Descriptivo,
8474,Descriptivo,
8475,Descriptivo,
8476,Descriptivo,
8477,Descriptivo,
8478,Descriptivo,
8479,Descriptivo,
8482,Descriptivo,
8484,Descriptivo,
8485,Descriptivo,
8487,Descriptivo,
8488,Descriptivo,
8489,Descriptivo,
8493,Hombre,
8494,Hombre,
8495,Hombre,
8496,Mujer,Falta información
8497,Hombre,
8498,Hombre,
8499,Mujer,Cultura
8500,Mujer,Cultura
8501,Hombre,
8502,Hombre,
8503,Hombre,
8505,Descriptivo,
8508,Descriptivo,
8509,Descriptivo,
8510,Descriptivo,
8512,Descriptivo,
8513,Descriptivo,
8514,Descriptivo,
8517,Descriptivo,
8519,Descriptivo,
8520,Descriptivo,
8523,Descriptivo,
8524,Descriptivo,
8525,Descriptivo,
8526,Descriptivo,
8527,Descriptivo,
8528,Descriptivo,
8529,Descriptivo,
8530,Descriptivo,
8531,Descriptivo,
8532,Descriptivo,
8533,Descriptivo,
8534,Descriptivo,
8535,Descriptivo,
8536,Descriptivo,
8537,Descriptivo,
8538,Descriptivo,
8539,Descriptivo,
8540,Descriptivo,
8541,Descriptivo,
8542,Descriptivo,
8543,Descriptivo,
8544,Descriptivo,
8545,Descriptivo,
8546,Descriptivo,
8547,Descriptivo,
8548,Descriptivo,
8551,Descriptivo,
8552,Descriptivo,
8553,Descriptivo,
8554,Descriptivo,
8555,Descriptivo,
8556,Descriptivo,
8557,Descriptivo,
8558,Descriptivo,
8559,Descriptivo,
8560,Descriptivo,
8561,Descriptivo,
8562,Descriptivo,
8563,Descriptivo,
8564,Descriptivo,
8565,Descriptivo,
8566,Descriptivo,
8567,Descriptivo,
8568,Descriptivo,
8569,Descriptivo,
8570,Descriptivo,
8571,Descriptivo,
8572,Descriptivo,
8573,Descriptivo,
8574,Descriptivo,
8575,Descriptivo,
8576,Descriptivo,
8577,Descriptivo,
8578,Descriptivo,
8579,Descriptivo,
8580,Descriptivo,
8581,Descriptivo,
8582,Descriptivo,
8583,Descriptivo,
8584,Descriptivo,
8585,Descriptivo,
8586,Descriptivo,
8587,Descriptivo,
8588,Descriptivo,
8589,Descriptivo,
8590,Descriptivo,
8591,Descriptivo,
8594,Hombre,
8598,Descriptivo,
8600,Hombre,
8602,Hombre,
8605,Descriptivo,
8610,Descriptivo,
8611,Hombre,
8613,Hombre,
8614,Hombre,
8615,Descriptivo,
8616,Descriptivo,
8617,Descriptivo,
8618,Descriptivo,
8619,Descriptivo,
8620,Descriptivo,
8621,Hombre,
8622,Hombre,
8623,Descriptivo,
8624,Descriptivo,
8625,Descriptivo,
8626,Descriptivo,
8627,Descriptivo,
8628,Descriptivo,
8629,Descriptivo,
8630,Flora,
8631,Hombre,
8632,Hombre,
8633,Mujer,Cultura
8634,Hombre,
8635,Hombre,
8636,Hombre,
8637,Hombre,
8638,Hombre,
8639,Descriptivo,
8640,Hombre,
8641,Hombre,
8642,Hombre,
8643,Descriptivo,
8644,Histórico,
8645,Descriptivo,
8646,Flora,
8647,Hombre,
8648,Flora,
8649,Descriptivo,
8650,Descriptivo,
8651,Otro,
8652,Descriptivo,
8653,Flora,
8654,Otro,
8655,Descriptivo,
8656,Histórico,
8660,Hombre,
8661,Hombre,
8662,Hombre,
8663,Hombre,
8664,Hombre,
8671,Descriptivo,
8675,Hombre,
8676,Hombre,
8683,Hombre,
8686,Descriptivo,
8687,Descriptivo,
8688,Descriptivo,
8692,Hombre,
8695,Descriptivo,
8696,Descriptivo,
8697,Descriptivo,
8701,Descriptivo,
8702,Descriptivo,
8705,Descriptivo,
8706,Descriptivo,
8710,Descriptivo,
8711,Hombre,
8712,Mujer,Cultura
8713,Descriptivo,
8716,Descriptivo,
8717,Descriptivo,
8723,Hombre,
8724,Descriptivo,
8725,Descriptivo,
8726,Descriptivo,
8727,Otro,
8728,Descriptivo,
8729,Descriptivo,
8730,Descriptivo,
8731,Descriptivo,
8732,Descriptivo,
8737,Descriptivo,
8738,Descriptivo,
8739,Descriptivo,
8740,Descriptivo,
8741,Hombre,
8742,Hombre,
8743,Descriptivo,
8744,Descriptivo,
8745,Otro,
8746,Lugar/Ciudad,
8747,Geográfico,
8748,Descriptivo,
8749,Lugar/Ciudad,
8750,Geográfico,
8751,Descriptivo,
8752,Descriptivo,
8753,Descriptivo,
8754,Descriptivo,
8755,Descriptivo,
8756,Descriptivo,
8757,Descriptivo,
8758,Descriptivo,
8759,Flora,
8760,Fauna,
8761,Fauna,
8762,Fauna,
8763,Fauna,
8764,Fauna,
8765,Fauna,
8766,Fauna,
8767,Fauna,
8772,Descriptivo,
8773,Descriptivo,
8775,Hombre,
8776,Descriptivo,
8777,Descriptivo,
8778,Descriptivo,
8779,Descriptivo,
8780,Descriptivo,
8781,Descriptivo,
8782,Hombre,
8783,Mujer,Falta información
8784,Hombre,
8785,Descriptivo,
8786,Descriptivo,
8787,Descriptivo,
8788,Descriptivo,
8789,Descriptivo,
8790,Descriptivo,
8791,Hombre,
8792,Hombre,
8793,Hombre,
8794,Descriptivo,
8795,Mujer,Falta información
8796,Descriptivo,
8797,Hombre,
8798,Descriptivo,
8799,Hombre,
8801,Descriptivo,
8802,Descriptivo,
8803,Descriptivo,
8804,Descriptivo,
8805,Descriptivo,
8806,Descriptivo,
8807,Descriptivo,
8808,Descriptivo,
8810,Hombre,
8811,Hombre,
8813,Descriptivo,
8814,Hombre,
8817,Hombre,
8818,Descriptivo,
8819,Descriptivo,
8820,Mujer,Política
8823,Descriptivo,
8824,Descriptivo,
8825,Descriptivo,
8826,Descriptivo,
8827,Descriptivo,
8828,Flora,
8831,Mujer,Cultura
8832,Descriptivo,
8834,Descriptivo,
8837,Descriptivo,
8841,Hombre,
8842,Descriptivo,
8843,Descriptivo,
8844,Flora,
8845,Hombre,
8846,Descriptivo,
8847,Hombre,
8850,Hombre,
8851,Descriptivo,
8852,Hombre,
8853,Artes/Cultura,
8856,Descriptivo,
8857,Descriptivo,
8858,Descriptivo,
8861,Hombre,
8863,Hombre,
8864,Descriptivo,
8865,Descriptivo,
8866,Hombre,
8869,Hombre,
8871,Hombre,
8873,Descriptivo,
8874,Hombre,
8875,Descriptivo,
8879,Descriptivo,
8881,Descriptivo,
8883,Descriptivo,
8884,Descriptivo,
8885,Hombre,
8886,Descriptivo,
8891,Hombre,
8892,Hombre,
8893,Otro,
8894,Histórico,
8895,Descriptivo,
8897,Descriptivo,
8898,Descriptivo,
8899,Descriptivo,
8900,Descriptivo,
8901,Descriptivo,
8902,Descriptivo,
8903,Hombre,
8904,Descriptivo,
8905,Descriptivo,
8906,Descriptivo,
8908,Lugar/Ciudad,
8909,Hombre,
8910,Pais/Nación/Región,
8911,Pais/Nación/Región,
8912,Lugar/Ciudad,
8913,Lugar/Ciudad,
8914,Descriptivo,
8915,Mujer,Educación
8916,Hombre,
8917,Descriptivo,
8918,Descriptivo,
8919,Descriptivo,
8920,Descriptivo,
8921,Descriptivo,
8922,Hombre,
8923,Descriptivo,
8924,Flora,
8925,Hombre,
8926,Flora,
8927,Flora,
8928,Descriptivo,
8929,Descriptivo,
8930,Descriptivo,
8931,Descriptivo,
8932,Hombre,
8933,Hombre,
8934,Descriptivo,
8935,Descriptivo,
8936,Mujer,Educación
8937,Descriptivo,
8938,Descriptivo,
8939,Descriptivo,
8940,Descriptivo,
8941,Descriptivo,
8942,Descriptivo,
8943,Flora,
8944,Otro,
8945,Hombre,
8946,Histórico,
8947,Descriptivo,
8948,Mujer,Pionera
8949,Descriptivo,
8950,Descriptivo,
8951,Descriptivo,
8952,Descriptivo,
8953,Descriptivo,
8954,Descriptivo,
8955,Descriptivo,
8956,Mujer,Cultura
8957,Descriptivo,
8958,Descriptivo,
8959,Lugar/Ciudad,
8960,Descriptivo,
8961,Hombre,
8962,Descriptivo,
8963,Mujer,Fundadora
8964,Descriptivo,
8965,Descriptivo,
8966,Descriptivo,
8968,Otro,
8969,Otro,
8970,Descriptivo,
8971,Descriptivo,
8972,Descriptivo,
8973,Descriptivo,
8974,Descriptivo,
8975,Descriptivo,
8976,Pais/Nación/Región,
8977,Descriptivo,
8978,Descriptivo,
8979,Descriptivo,
8980,Descriptivo,
8981,Descriptivo,
8982,Descriptivo,
8983,Lugar/Ciudad,
8984,Descriptivo,
8985,Descriptivo,
8986,Otro,
8987,Descriptivo,
8988,Hombre,
8989,Hombre,
8990,Hombre,
8991,Descriptivo,
8992,Hombre,
8993,Astronómico,
8994,Descriptivo,
8995,Pais/Nación/Región,
8996,Descriptivo,
8997,Descriptivo,
8998,Descriptivo,
8999,Descriptivo,
9000,Descriptivo,
9001,Descriptivo,
9002,Descriptivo,
9003,Descriptivo,
9004,Descriptivo,
9005,Descriptivo,
9006,Familia,
9007,Lugar/Ciudad,
9008,Lugar/Ciudad,
9009,Lugar/Ciudad,
9010,Lugar/Ciudad,
9011,Descriptivo,
9012,Descriptivo,
9013,Lugar/Ciudad,
9014,Lugar/Ciudad,
9015,Descriptivo,
9016,Descriptivo,
9017,Descriptivo,
9018,Descriptivo,
9019,Descriptivo,
9022,Descriptivo,
9023,Descriptivo,
9024,Descriptivo,
9025,Lugar/Ciudad,
9026,Descriptivo,
9027,Descriptivo,
9028,Descriptivo,
9029,Descriptivo,
9030,Descriptivo,
9032,Descriptivo,
9034,Descriptivo,
9035,Descriptivo,
9036,Descriptivo,
9037,Descriptivo,
9038,Descriptivo,
9039,Descriptivo,
9040,Descriptivo,
9041,Descriptivo,
9042,Descriptivo,
9043,Descriptivo,
9044,Descriptivo,
9045,Descriptivo,
9046,Descriptivo,
9049,Descriptivo,
9050,Descriptivo,
9051,Descriptivo,
9052,Descriptivo,
9053,Otro,
9054,Descriptivo,
9055,Descriptivo,
9056,Descriptivo,
9057,Descriptivo,
9058,Hombre,
9059,Descriptivo,
9060,Descriptivo,
9061,Descriptivo,
9062,Descriptivo,
9063,Descriptivo,
9065,Hombre,
9066,Descriptivo,
9068,Descriptivo,
9069,Descriptivo,
9070,Descriptivo,
9071,Astronómico,
9072,Hombre,
9073,Descriptivo,
9074,Descriptivo,
9075,Descriptivo,
9076,Hombre,
9077,Hombre,
9078,Descriptivo,
9079,Descriptivo,
9080,Descriptivo,
9081,Descriptivo,
9082,Descriptivo,
9083,Hombre,
9084,Descriptivo,
9085,Descriptivo,
9086,Descriptivo,
9087,Descriptivo,
9088,Descriptivo,
9089,Descriptivo,
9090,Descriptivo,
9091,Hombre,
9092,Geográfico,
9093,Descriptivo,
9094,Hombre,
9095,Descriptivo,
9096,Mujer,Educación
9097,Descriptivo,
9098,Descriptivo,
9099,Descriptivo,
9100,Descriptivo,
9101,Hombre,
9102,Descriptivo,
9103,Descriptivo,
9104,Mujer,Falta información
9105,Hombre,
9106,Hombre,
9107,Lugar/Ciudad,
9108,Mujer,Cultura
9109,Descriptivo,
9110,Geográfico,
9111,Descriptivo,
9112,Descriptivo,
9113,Descriptivo,
9114,Descriptivo,
9115,Descriptivo,
9116,Descriptivo,
9117,Descriptivo,
9118,Lugar/Ciudad,
9121,Descriptivo,
9122,Descriptivo,
9123,Descriptivo,
9124,Otro,
9125,Descriptivo,
9126,Descriptivo,
9127,Descriptivo,
9128,Descriptivo,
9129,Descriptivo,
9130,Descriptivo,
9132,Descriptivo,
9133,Lugar/Ciudad,
9134,Descriptivo,
9135,Lugar/Ciudad,
9136,Lugar/Ciudad,
9137,Descriptivo,
9138,Descriptivo,
9139,Descriptivo,
9140,Descriptivo,
9141,Descriptivo,
9142,Descriptivo,
9143,Descriptivo,
9144,Descriptivo,
9145,Hombre,
9146,Descriptivo,
9147,Descriptivo,
9148,Descriptivo,
9149,Descriptivo,
9150,Hombre,
9151,Descriptivo,
9152,Hombre,
9153,Descriptivo,
9154,Descriptivo,
9155,Hombre,
9156,Descriptivo,
9157,Descriptivo,
9158,Descriptivo,
9159,Descriptivo,
9160,Descriptivo,
9161,Descriptivo,
9162,Descriptivo,
9163,Descriptivo,
9164,Descriptivo,
9165,Descriptivo,
9166,Descriptivo,
9167,Descriptivo,
9168,Descriptivo,
9169,Descriptivo,
9170,Descriptivo,
9171,Descriptivo,
9172,Descriptivo,
9173,Descriptivo,
9174,Descriptivo,
9175,Descriptivo,
9176,Mujer,Educación
9177,Mujer,Educación
9178,Descriptivo,
9179,Descriptivo,
9180,Descriptivo,
9181,Descriptivo,
9182,Descriptivo,
9183,Descriptivo,
9184,Descriptivo,
9185,Descriptivo,
9186,Descriptivo,
9187,Descriptivo,
9188,Descriptivo,
9189,Descriptivo,
9190,Descriptivo,
9191,Descriptivo,
9192,Descriptivo,
9193,Descriptivo,
9194,Descriptivo,
9195,Descriptivo,
9196,Descriptivo,
9197,Descriptivo,
9198,Mujer,Educación
9199,Mujer,Educación
9200,Mujer,Educación
9201,Mujer,Educación
9202,Mujer,Educación
9203,Mujer,Educación
9204,Mujer,Educación
9205,Mujer,Educación
9206,Descriptivo,
9207,Descriptivo,
9208,Descriptivo,
9209,Descriptivo,
9210,Descriptivo,
9211,Descriptivo,
9212,Descriptivo,
9213,Descriptivo,
9214,Descriptivo,
9215,Descriptivo,
9216,Descriptivo,
9217,Descriptivo,
9218,Descriptivo,
9219,Fauna,
9220,Lugar/Ciudad,
9221,Fauna,
9222,Fauna,
9223,Flora,
9224,Otro,
9225,Descriptivo,
9226,Flora,
9227,Descriptivo,
9228,Flora,
9229,Flora,
9230,Descriptivo,
9231,Descriptivo,
9232,Descriptivo,
9233,Descriptivo,
9234,Descriptivo,
9235,Descriptivo,
9236,Descriptivo,
9237,Descriptivo,
9238,Descriptivo,
9239,Descriptivo,
9240,Descriptivo,
9241,Descriptivo,
9242,Descriptivo,
9243,Descriptivo,
9244,Descriptivo,
9245,Mujer,Falta información
9246,Hombre,
9247,Histórico,
9248,Hombre,
9249,Hombre,
9250,Hombre,
9251,Hombre,
9252,Hombre,
9253,Descriptivo,
9254,Fauna,
9255,Descriptivo,
9256,Descriptivo,
9257,Descriptivo,
9258,Descriptivo,
9259,Descriptivo,
9260,Descriptivo,
9261,Flora,
9262,Flora,
9263,Descriptivo,
9264,Mujer,Falta información
9265,Descriptivo,
9266,Descriptivo,
9267,Mujer,Falta información
9268,Hombre,
9269,Descriptivo,
9270,Descriptivo,
9271,Descriptivo,
9272,Descriptivo,
9273,Descriptivo,
9274,Descriptivo,
9275,Descriptivo,
9276,Descriptivo,
9277,Descriptivo,
9278,Otro,
9279,Descriptivo,
9280,Descriptivo,
9281,Otro,
9282,Familia,
9283,Descriptivo,
9284,Familia,
9285,Descriptivo,
9286,Otro,
9287,Descriptivo,
9288,Descriptivo,
9289,Histórico,
9290,Lugar/Ciudad,
9291,Otro,
9292,Mujer,Falta información
9293,Descriptivo,
9294,Descriptivo,
9295,Descriptivo,
9296,Descriptivo,
9297,Descriptivo,
9298,Hombre,
9299,Pais/Nación/Región,
9300,Lugar/Ciudad,
9301,Descriptivo,
9302,Descriptivo,
9303,Descriptivo,
9304,Descriptivo,
9305,Descriptivo,
9306,Descriptivo,
9307,Descriptivo,
9308,Descriptivo,
9309,Descriptivo,
9310,Descriptivo,
9311,Descriptivo,
9312,Descriptivo,
9313,Descriptivo,
9314,Descriptivo,
9315,Descriptivo,
9316,Descriptivo,
9317,Flora,
9318,Descriptivo,
9319,Fauna,
9320,Descriptivo,
9321,Descriptivo,
9322,Descriptivo,
9323,Descriptivo,
9324,Hombre,
9325,Geográfico,
9326,Descriptivo,
9327,Fauna,
9328,Descriptivo,
9329,Descriptivo,
9330,Descriptivo,
9331,Descriptivo,
9332,Descriptivo,
9333,Histórico,
9334,Descriptivo,
9335,Descriptivo,
9336,Descriptivo,
9337,Descriptivo,
9338,Descriptivo,
9339,Descriptivo,
9340,Descriptivo,
9341,Descriptivo,
9342,Descriptivo,
9343,Descriptivo,
9344,Descriptivo,
9345,Mujer,Falta información
9346,Descriptivo,
9347,Descriptivo,
9348,Descriptivo,
9349,Descriptivo,
9350,Descriptivo,
9351,Descriptivo,
9352,Descriptivo,
9353,Otro,
9354,Descriptivo,
9355,Descriptivo,
9356,Astronómico,
9357,Astronómico,
9358,Astronómico,
9359,Astronómico,
9360,Astronómico,
9361,Astronómico,
9362,Astronómico,
9363,Flora,
9364,Otro,
9365,Hombre,
9366,Hombre,
9367,Histórico,
9368,Histórico,
9369,Otro,
9370,Descriptivo,
9371,Descriptivo,
9372,Descriptivo,
9373,Descriptivo,
9374,Otro,
9375,Flora,
9376,Histórico,
9377,Histórico,
9378,Histórico,
9379,Histórico,
9380,Otro,
9381,Histórico,
9382,Histórico,
9383,Descriptivo,
9385,Descriptivo,
9386,Descriptivo,
9387,Descriptivo,
9388,Descriptivo,
9389,Descriptivo,
9390,Descriptivo,
9391,Descriptivo,
9392,Hombre,
9393,Descriptivo,
9394,Otro,
9395,Hombre,
9396,Descriptivo,
9397,Descriptivo,
9398,Flora,
9399,Descriptivo,
9400,Descriptivo,
9401,Otro,
9402,Pais/Nación/Región,
9403,Descriptivo,
9404,Descriptivo,
9405,Descriptivo,
9406,Descriptivo,
9407,Descriptivo,
9408,Descriptivo,
9409,Descriptivo,
9410,Descriptivo,
9411,Descriptivo,
9412,Descriptivo,
9413,Descriptivo,
9414,Descriptivo,
9415,Descriptivo,
9416,Descriptivo,
9417,Descriptivo,
9418,Descriptivo,
9419,Descriptivo,
9420,Descriptivo,
9421,Descriptivo,
9422,Flora,
9423,Fauna,
9424,Flora,
9425,Flora,
9426,Flora,
9427,Descriptivo,
9428,Fauna,
9429,Fauna,
9430,Descriptivo,
9431,Otro,
9432,Descriptivo,
9433,Otro,
9434,Descriptivo,
9435,Descriptivo,
9436,Histórico,
9437,Histórico,
9438,Descriptivo,
9439,Descriptivo,
9440,Descriptivo,
9441,Descriptivo,
9442,Descriptivo,
9443,Descriptivo,
9444,Descriptivo,
9445,Descriptivo,
9446,Descriptivo,
9447,Descriptivo,
9448,Descriptivo,
9449,Descriptivo,
9450,Descriptivo,
9451,Descriptivo,
9452,Descriptivo,
9453,Descriptivo,
9454,Descriptivo,
9455,Descriptivo,
9456,Descriptivo,
9457,Descriptivo,
9458,Descriptivo,
9459,Descriptivo,
9460,Descriptivo,
9461,Descriptivo,
9462,Descriptivo,
9463,Hombre,
9464,Hombre,
9465,Hombre,
9466,Hombre,
9467,Hombre,
9468,Hombre,
9469,Hombre,
9470,Hombre,
9471,Hombre,
9472,Histórico,
9473,Histórico,
9474,Descriptivo,
9475,Descriptivo,
9476,Hombre,
9477,Mujer,Falta información
9478,Hombre,
9479,Descriptivo,
9480,Descriptivo,
9481,Descriptivo,
9482,Descriptivo,
9483,Descriptivo,
9484,Descriptivo,
9485,Descriptivo,
9486,Descriptivo,
9487,Descriptivo,
9488,Descriptivo,
9489,Descriptivo,
9490,Descriptivo,
9491,Descriptivo,
9492,Descriptivo,
9493,Descriptivo,
9494,Descriptivo,
9495,Descriptivo,
9496,Descriptivo,
9497,Descriptivo,
9498,Descriptivo,
9499,Descriptivo,
9500,Hombre,
9501,Descriptivo,
9503,Artes/Cultura,
9504,Mujer,Educación
9508,Fauna,
9509,Histórico,
9510,Flora,
9511,Flora,
9512,Fauna,
9513,Flora,
9514,Otro,
9515,Flora,
9516,Descriptivo,
9517,Flora,
9520,Descriptivo,
9521,Descriptivo,
9522,Descriptivo,
9523,Descriptivo,
9524,Otro,
9525,Descriptivo,
9526,Descriptivo,
9527,Descriptivo,
9528,Descriptivo,
9529,Descriptivo,
9530,Descriptivo,
9531,Descriptivo,
9532,Descriptivo,
9533,Descriptivo,
9534,Descriptivo,
9535,Descriptivo,
9536,Descriptivo,
9537,Descriptivo,
9538,Descriptivo,
9539,Flora,
9540,Descriptivo,
9541,Fauna,
9542,Fauna,
9543,Flora,
9544,Descriptivo,
9545,Descriptivo,
9546,Descriptivo,
9547,Otro,
9548,Flora,
9549,Flora,
9550,Descriptivo,
9551,Descriptivo,
9552,Descriptivo,
9553,Descriptivo,
9554,Descriptivo,
9555,Descriptivo,
9556,Descriptivo,
9557,Hombre,
9558,Hombre,
9559,Descriptivo,
9560,Hombre,
9561,Hombre,
9562,Flora,
9563,Otro,
9564,Descriptivo,
9565,Descriptivo,
9566,Descriptivo,
9567,Descriptivo,
9568,Descriptivo,
9569,Descriptivo,
9570,Descriptivo,
9571,Descriptivo,
9572,Fauna,
9575,Fauna,
9577,Descriptivo,
9584,Descriptivo,
9601,Descriptivo,
9602,Descriptivo,
9700,Descriptivo,
9801,Hombre,
9804,Descriptivo,
9810,Descriptivo,
9819,Descriptivo,
9864,Descriptivo,
9875,Hombre,
9900,Descriptivo,
9901,Hombre,
9902,Descriptivo,
9904,Descriptivo,
9905,Descriptivo,
9906,Descriptivo,
9908,Hombre,
9909,Descriptivo,
9910,Descriptivo,
9911,Descriptivo,
9912,Descriptivo,
9913,Descriptivo,
9914,Descriptivo,
9915,Descriptivo,
9916,Descriptivo,
9917,Descriptivo,
9918,Descriptivo,
9919,Descriptivo,
9920,Descriptivo,
9921,Descriptivo,
9922,Descriptivo,
9923,Descriptivo,
9925,Descriptivo,
9926,Hombre,
9927,Hombre,
9928,Hombre,
9929,Hombre,
9930,Hombre,
9931,Descriptivo,
9932,Hombre,
9981,Geográfico,
9982,Geográfico,
9983,Geográfico,
9991,Descriptivo,
9992,Otro,
9993,Descriptivo,
9994,Descriptivo,
9995,Descriptivo,
9996,Descriptivo,
9998,Geográfico,
